Name,Date time,Maximum Temperature,Minimum Temperature,Temperature,Wind Chill,Heat Index,Precipitation,Snow,Snow Depth,Wind Speed,Wind Direction,Wind Gust,Visibility,Cloud Cover,Relative Humidity,Conditions
"Budapest, Magyarország",02/24/2019,3.1,-6.2,-1.1,-9.3,,0,,,7.3,202.92,,19.5,44.6,52.84,Partially cloudy
"Budapest, Magyarország",02/25/2019,8.4,-3.4,2.4,-5.5,,0,,,15.6,194.71,,13,48.2,54.69,Partially cloudy
"Budapest, Magyarország",02/26/2019,14.6,-0.8,7.2,-2.6,,0,,,34.2,263.63,55.4,13.5,43.7,53.64,Partially cloudy
"Budapest, Magyarország",02/27/2019,13.4,1.4,7.1,-0.7,,0,,,12.9,299.67,26.8,15.4,23.8,58.96,Clear
"Budapest, Magyarország",02/28/2019,19.3,-0.7,9.9,-3.3,,0,,,33.2,251.08,59.4,17,15.5,49.71,Clear
"Budapest, Magyarország",03/01/2019,13.6,9,10.5,6.3,,0.89,,,23.2,288.08,37.5,13.2,52.1,61.57,"Rain, Partially cloudy"
"Budapest, Magyarország",03/02/2019,10.1,1.9,6.4,0.6,,0.5,,,21.7,236.5,28.8,12.9,45.1,69.16,"Rain, Partially cloudy"
"Budapest, Magyarország",03/03/2019,12.3,3.2,7,1.1,,0.1,,,13.5,210.08,,11.8,63.8,76.73,"Rain, Partially cloudy"
"Budapest, Magyarország",03/04/2019,18.2,2.9,10.5,0.8,,0,,,32.9,181.17,64.8,14.7,49.5,57.28,Partially cloudy
"Budapest, Magyarország",03/05/2019,13.8,5.6,10.2,4.4,,0,,,32.1,261.63,53.6,15,34,45.38,Partially cloudy
"Budapest, Magyarország",03/06/2019,12.2,4.4,8,1.1,,1.94,,,21.2,231.46,58.6,15,36.8,62.67,"Rain, Partially cloudy"
"Budapest, Magyarország",03/07/2019,16.8,7.9,12.4,5,,0,,,23.3,187.46,40.7,15,48,52.72,Partially cloudy
"Budapest, Magyarország",03/08/2019,15.1,4.9,10.6,9.1,,0.42,,,20.2,232.33,28.4,14.3,46.2,64.97,"Rain, Partially cloudy"
"Budapest, Magyarország",03/09/2019,15.1,7.6,10.5,6.7,,0.25,,,25.8,237.04,33.5,15,54.2,63.14,"Rain, Partially cloudy"
"Budapest, Magyarország",03/10/2019,13,7.8,11,5.6,,1.51,,,31.6,236.08,29.8,15,50.4,61.81,"Rain, Partially cloudy"
"Budapest, Magyarország",03/11/2019,12.3,3.2,8.4,-0.8,,0.49,,,41.1,290.38,77.8,15,38.8,50.6,"Rain, Partially cloudy"
"Budapest, Magyarország",03/12/2019,9.1,-0.4,4.7,-2.5,,0,,,23.1,291.08,36.8,14.8,15.6,61.7,Clear
"Budapest, Magyarország",03/13/2019,9,-3.2,3.2,-5.6,,0.9,,,24.1,204.52,25.2,11.8,26.1,75.51,"Rain, Partially cloudy"
"Budapest, Magyarország",03/14/2019,10.3,2,5.8,2,,1.4,,,19.8,228.83,34.3,12.6,52.7,76.74,"Rain, Partially cloudy"
"Budapest, Magyarország",03/15/2019,11.7,5.1,8.3,2.7,,2.14,,,30.5,251.17,46.1,14.9,65.7,65.81,"Rain, Partially cloudy"
"Budapest, Magyarország",03/16/2019,10.9,5.4,8.2,3.8,,2.28,,,32.6,257.54,50,15.3,67.7,77.18,"Rain, Partially cloudy"
"Budapest, Magyarország",03/17/2019,21.3,2.6,11.8,0.6,,0,,,20.5,167.5,30.4,14.1,35.7,68.12,Partially cloudy
"Budapest, Magyarország",03/18/2019,12.4,7.5,9.2,4.4,,0,,,40.1,290.83,42.2,15,53.5,59.27,Partially cloudy
"Budapest, Magyarország",03/19/2019,10.1,4.4,7,2,,0,,,14.3,317.79,29.2,15,42,53.33,Partially cloudy
"Budapest, Magyarország",03/20/2019,11.6,2.3,6.6,0.1,,0,,,13.2,295.42,37.1,15,28.9,49.38,Partially cloudy
"Budapest, Magyarország",03/21/2019,14,-1.2,6.2,-3.2,,0,,,10.2,266,,14.6,26.9,53.63,Partially cloudy
"Budapest, Magyarország",03/22/2019,17.5,-1,8.7,-2,,0,,,7.7,198.7,,12,12.6,54.97,Clear
"Budapest, Magyarország",03/23/2019,19.2,4.7,11.8,5.8,,0,,,11.5,174.63,,13.2,8.2,62.12,Clear
"Budapest, Magyarország",03/24/2019,21.5,2.7,12.5,,,0,,,14.4,205.58,,11.8,14.1,62.77,Clear
"Budapest, Magyarország",03/25/2019,15.1,7.1,11.2,3.7,,0,,,29.4,293.58,34.4,14.2,43.9,57.6,Partially cloudy
"Budapest, Magyarország",03/26/2019,11.5,4.2,7.8,0.2,,0,,,27.5,307.46,,15,25.6,46.85,Partially cloudy
"Budapest, Magyarország",03/27/2019,12.2,2.9,8.1,1.8,,0,,,19.8,235.79,27.3,15,30.3,42.69,Partially cloudy
"Budapest, Magyarország",03/28/2019,14.1,-2.3,7.2,-4.1,,0,,,13.2,276.96,37.1,15,15.3,49.34,Clear
"Budapest, Magyarország",03/29/2019,16.1,2.2,9.4,-0.1,,0,,,13.2,251.17,,14.8,26.9,49.38,Partially cloudy
"Budapest, Magyarország",03/30/2019,18.6,0.3,9.6,-1,,0,,,8.9,186.25,,12.9,38.3,52.58,Partially cloudy
"Budapest, Magyarország",03/31/2019,21.8,1.1,12,,,0,,,13.2,203.35,,13,0,46.02,Clear
"Budapest, Magyarország",04/01/2019,19.6,7,13.4,6,,0,,,16.7,141.04,40.7,15,12.6,43.48,Clear
"Budapest, Magyarország",04/02/2019,18.3,3.7,11.4,1.9,,0,,,17.1,105.71,,15,9,37.73,Clear
"Budapest, Magyarország",04/03/2019,18.5,6.1,12.1,3.7,,0,,,20.5,113.04,34.1,15,43.2,40.33,Partially cloudy
"Budapest, Magyarország",04/04/2019,19.8,7.2,13.5,5.5,,0,,,23.9,111.79,38.4,14.9,42.6,39.22,Partially cloudy
"Budapest, Magyarország",04/05/2019,18.9,7.5,13.3,5.5,,2.06,,,23.7,120.29,32.4,15.1,31.5,50.04,"Rain, Partially cloudy"
"Budapest, Magyarország",04/06/2019,13.5,7.6,9.9,6.2,,2.26,,,14,95.04,,14.1,54,85.71,"Rain, Partially cloudy"
"Budapest, Magyarország",04/07/2019,18.4,6,11.9,4.6,,0,,,16.4,65.71,25.2,9.8,35.2,75.77,Partially cloudy
"Budapest, Magyarország",04/08/2019,22.2,8,14.7,7,,0.26,,,15.8,197,39.6,13.1,19.5,63.99,Rain
"Budapest, Magyarország",04/09/2019,21.9,11.5,15.9,,,0.8,,,14.3,249.38,32.4,14.2,45,62.28,"Rain, Partially cloudy"
"Budapest, Magyarország",04/10/2019,21.1,10.4,15.8,,,1.78,,,15,174.58,25.2,14.9,55,61.37,"Rain, Partially cloudy"
"Budapest, Magyarország",04/11/2019,15.8,8.6,12.5,6.3,,8.89,,,16.2,198.83,28.8,14.3,72.8,76.17,"Rain, Partially cloudy"
"Budapest, Magyarország",04/12/2019,11.1,7,8.9,4.6,,3.15,,,15.2,303.29,36,14.7,79.7,75.6,"Rain, Overcast"
"Budapest, Magyarország",04/13/2019,11.9,6.9,9.4,4.7,,2.05,,,12.2,251.5,32.4,14.7,66.8,68.55,"Rain, Partially cloudy"
"Budapest, Magyarország",04/14/2019,14,7,10.7,5.3,,3.57,,,15,206.29,28.8,11.8,65,72.45,"Rain, Partially cloudy"
"Budapest, Magyarország",04/15/2019,16.1,7.5,11.6,5.1,,0,,,21.2,126.75,32.2,14.7,30.1,36.09,Partially cloudy
"Budapest, Magyarország",04/16/2019,17.2,2.9,10.9,1,,0,,,13,213.29,,15,0,38.2,Clear
"Budapest, Magyarország",04/17/2019,16.6,3.4,11.3,2.3,,0,,,13,101.83,,15,44,52.29,Partially cloudy
"Budapest, Magyarország",04/18/2019,19.9,7.2,14.1,5.8,,0,,,18.1,80.92,25.2,15,25.7,53.43,Partially cloudy
"Budapest, Magyarország",04/19/2019,22.5,8.1,15.7,6.7,,0,,,14.4,225.42,25.2,14.8,12.6,43.94,Clear
"Budapest, Magyarország",04/20/2019,21.5,4.6,14,2.9,,0,,,10.8,248.46,25.2,14.8,1.5,38.86,Clear
"Budapest, Magyarország",04/21/2019,22.2,5.3,14.7,4.7,,0,,,23.7,280.29,28.2,14.8,11.9,42.25,Clear
"Budapest, Magyarország",04/22/2019,17.4,4.7,12.5,4.8,,0,,,24.2,89.83,44.6,15,27,57.32,Partially cloudy
"Budapest, Magyarország",04/23/2019,13,8.2,10.8,4.9,,6.39,,,25.6,96.58,36,14.9,60.7,80.23,"Rain, Partially cloudy"
"Budapest, Magyarország",04/24/2019,23.5,10,15.8,7.8,,1.23,,,19.3,112.17,39.6,15,48.3,66.92,"Rain, Partially cloudy"
"Budapest, Magyarország",04/25/2019,26.1,11.7,19.2,,,1.3,,,23.2,161.08,48.2,14.5,26.9,56.3,"Rain, Partially cloudy"
"Budapest, Magyarország",04/26/2019,28.1,12.4,20.9,,27.1,0,,,25.7,179.79,48.5,14.8,42.5,50.59,Partially cloudy
"Budapest, Magyarország",04/27/2019,17.8,10.7,13.9,,,9.32,,,22.5,286.96,36,14.6,55.5,73.03,"Rain, Partially cloudy"
"Budapest, Magyarország",04/28/2019,14.8,10.1,12.3,,,0.2,,,31.2,308.5,,15,66.4,70.4,"Rain, Partially cloudy"
"Budapest, Magyarország",04/29/2019,13.9,8.5,11.3,6.7,,1.8,,,12.6,272.79,25.2,14.7,72.5,81.62,"Rain, Partially cloudy"
"Budapest, Magyarország",04/30/2019,17.1,9.2,13,7.5,,1,,,26.6,317.67,28.8,14.4,47.9,77.1,"Rain, Partially cloudy"
"Budapest, Magyarország",05/01/2019,19.8,11.4,15.7,,,0.56,,,26.5,314.25,27.9,15,38.4,56.73,"Rain, Partially cloudy"
"Budapest, Magyarország",05/02/2019,22.1,10.3,16.6,,,0,,,24.3,261.08,28.8,14.3,30.9,55.65,Partially cloudy
"Budapest, Magyarország",05/03/2019,17.8,9.2,14,7.9,,0,,,22.3,235.42,,14.8,50.9,66.95,Partially cloudy
"Budapest, Magyarország",05/04/2019,12.9,10.3,11.5,,,5,,,11.7,126.79,,10.9,63.2,92.06,"Rain, Partially cloudy"
"Budapest, Magyarország",05/05/2019,11.3,7.2,10.2,4.6,,26.2,,,15.2,138.5,45.8,7.8,79.5,97.72,"Rain, Overcast"
"Budapest, Magyarország",05/06/2019,7.4,5.1,6.6,2,,25.07,,,19.4,326.88,36,12.7,72,94.75,"Rain, Partially cloudy"
"Budapest, Magyarország",05/07/2019,13.8,6,9.9,3.9,,7.72,,,19.2,312.08,37.2,14.6,50.4,62.25,"Rain, Partially cloudy"
"Budapest, Magyarország",05/08/2019,17.3,1.6,10.6,,,0,,,18.5,180.58,31.1,14.3,25.7,65.19,Partially cloudy
"Budapest, Magyarország",05/09/2019,11.9,8.9,10.6,6.6,,6.5,,,15.2,164.42,27.6,11.4,67.5,88.17,"Rain, Partially cloudy"
"Budapest, Magyarország",05/10/2019,18.9,7.1,13.5,6.7,,3.1,,,22,273.54,37.9,11.6,47.6,75.74,"Rain, Partially cloudy"
"Budapest, Magyarország",05/11/2019,21.9,7.3,15.7,6.2,,0.62,,,14.8,194.83,26.7,15,28.2,66.76,"Rain, Partially cloudy"
"Budapest, Magyarország",05/12/2019,22.5,11.6,16.8,,,11.64,,,19.5,113.5,32.4,15,53,68.67,"Rain, Partially cloudy"
"Budapest, Magyarország",05/13/2019,20.7,12.4,15.9,,,0.6,,,24.2,284.33,50.4,15,59.5,68.45,"Rain, Partially cloudy"
"Budapest, Magyarország",05/14/2019,11.2,7.1,8.1,3.9,,12.03,,,18.8,337.96,50.4,14.6,76.6,91.3,"Rain, Overcast"
"Budapest, Magyarország",05/15/2019,11.7,7.9,9.9,5.8,,11.4,,,14.2,277,39.6,12.8,73.8,94.77,"Rain, Partially cloudy"
"Budapest, Magyarország",05/16/2019,13.4,8.2,10.5,7.1,,1.2,,,9.5,175.58,,14.7,78,86.21,"Rain, Overcast"
"Budapest, Magyarország",05/17/2019,16.3,5.3,11.2,5.8,,0,,,11.1,198.83,,11.1,59.4,83.84,Partially cloudy
"Budapest, Magyarország",05/18/2019,22.5,9.6,16,9.4,,0,,,11,154.43,28.8,13.9,52,74.6,Partially cloudy
"Budapest, Magyarország",05/19/2019,23,10.7,16.4,,,2.28,,,14.5,139.42,,13.5,45,81.86,"Rain, Partially cloudy"
"Budapest, Magyarország",05/20/2019,21.3,12.9,16.7,,,21.63,,,19.3,189.79,32.4,12.6,52.4,80.25,"Rain, Partially cloudy"
"Budapest, Magyarország",05/21/2019,21,11.1,16.1,,,0.1,,,23.4,211.13,,15,62.2,73.58,"Rain, Partially cloudy"
"Budapest, Magyarország",05/22/2019,15.4,13.9,14.7,,,11.14,,,28.5,252.33,54,13.6,71.3,92.48,"Rain, Partially cloudy"
"Budapest, Magyarország",05/23/2019,16.3,12.9,14.3,,,0.46,,,28.6,300.17,46.8,13.1,54.3,80.56,"Rain, Partially cloudy"
"Budapest, Magyarország",05/24/2019,20.1,11.8,15.5,,,0.3,,,13.1,268.63,25.2,15,61,81.77,"Rain, Partially cloudy"
"Budapest, Magyarország",05/25/2019,24,10.9,17.6,,,0,,,13.3,238.21,25.2,13.8,36.5,69.79,Partially cloudy
"Budapest, Magyarország",05/26/2019,26,10,19,,,0,,,10.8,201.46,,14.8,49.5,64.34,Partially cloudy
"Budapest, Magyarország",05/27/2019,20.9,13.2,17.2,,,0.52,,,9,98.54,,14.3,56.5,85.33,"Rain, Partially cloudy"
"Budapest, Magyarország",05/28/2019,21.5,14.6,17.3,,,16.55,,,17.9,122.08,38.4,11.6,57.7,90.85,"Rain, Partially cloudy"
"Budapest, Magyarország",05/29/2019,21.2,15.1,16.9,,,27.01,,,12.6,237.38,25.2,9.7,64.5,92.02,"Rain, Partially cloudy"
"Budapest, Magyarország",05/30/2019,15.1,12.3,13.6,,,46.35,,,12.2,139.29,28.8,11.6,72.6,96.32,"Rain, Partially cloudy"
"Budapest, Magyarország",05/31/2019,21.8,12.1,16.9,,,0,,,11.1,262.17,,15,67.2,78.91,Partially cloudy
"Budapest, Magyarország",06/01/2019,24.9,13.7,19.8,,,0,,,23,150.21,,15,48.6,65.13,Partially cloudy
"Budapest, Magyarország",06/02/2019,25.7,15.3,21,,,0.3,,,16.9,162.08,,15,25.3,66.59,"Rain, Partially cloudy"
"Budapest, Magyarország",06/03/2019,27,15.9,21.5,,27.3,0.1,,,20.5,174.25,28.8,13.8,24.1,69.87,Rain
"Budapest, Magyarország",06/04/2019,26.6,16.9,21.7,,,0.6,,,12,144.42,,15,53.4,72.61,"Rain, Partially cloudy"
"Budapest, Magyarország",06/05/2019,23.1,15.7,19.5,,,5.82,,,16.5,176.75,28.8,15,46.9,84.21,"Rain, Partially cloudy"
"Budapest, Magyarország",06/06/2019,23.9,15.2,19.7,,,0,,,15.8,120.25,28.8,12.1,47.3,82.79,Partially cloudy
"Budapest, Magyarország",06/07/2019,27.1,16.6,21.9,,27.6,1.94,,,14.6,175.92,,13.3,39.1,75.32,"Rain, Partially cloudy"
"Budapest, Magyarország",06/08/2019,27.9,15.1,22.1,,28.5,0,,,23,215.42,33,14.6,7.7,69.8,Clear
"Budapest, Magyarország",06/09/2019,28.9,15.5,23,,29.9,0,,,15.8,165.08,,15,27.2,68.15,Partially cloudy
"Budapest, Magyarország",06/10/2019,30.7,18.8,25.1,,32.2,0,,,13.4,112.96,,14.6,51.3,68.36,Partially cloudy
"Budapest, Magyarország",06/11/2019,30.6,19.3,25.1,,31.4,0,,,20.4,109.04,26.7,15,8.2,66.46,Clear
"Budapest, Magyarország",06/12/2019,31.5,19.5,25.6,,31.8,0,,,15.9,117.71,35,14.5,9.9,63.79,Clear
"Budapest, Magyarország",06/13/2019,33.3,19.9,27,,34.1,0,,,20.1,115,30.5,15,10.7,60.87,Clear
"Budapest, Magyarország",06/14/2019,32.9,20.1,26.7,,33,0,,,11,189.54,,14.5,1.5,58.95,Clear
"Budapest, Magyarország",06/15/2019,33,19.3,26.6,,32.5,0,,,13.7,156.46,,14.4,22.8,59.6,Clear
"Budapest, Magyarország",06/16/2019,32.4,19.4,25,,33.3,1.08,,,18.9,129.08,46.8,14.6,40.4,70.33,"Rain, Partially cloudy"
"Budapest, Magyarország",06/17/2019,27.1,19.1,22.5,,27.5,2.71,,,17.5,105.5,33.7,15,53.5,73.52,"Rain, Partially cloudy"
"Budapest, Magyarország",06/18/2019,28.6,16.7,23,,28.7,0,,,14.3,173.46,29.5,15,43.3,64.97,Partially cloudy
"Budapest, Magyarország",06/19/2019,29,18.3,22.7,,29.9,8.72,,,13.7,154.58,,13.9,55.4,79.49,"Rain, Partially cloudy"
"Budapest, Magyarország",06/20/2019,26.8,17.7,22.1,,28,0.1,,,12.1,127.74,35.3,14.2,60.9,81.59,"Rain, Partially cloudy"
"Budapest, Magyarország",06/21/2019,28.6,18.3,23.6,,28.6,0,,,17.7,284.42,28.8,14.7,31,66.9,Partially cloudy
"Budapest, Magyarország",06/22/2019,27.9,17.8,22.9,,28.9,31.89,,,15.4,92.96,75.6,14.1,41.8,76.08,"Rain, Partially cloudy"
"Budapest, Magyarország",06/23/2019,24.3,17.9,20.6,,,65.45,,,12,185.21,25.2,13.7,62.2,88.68,"Rain, Partially cloudy"
"Budapest, Magyarország",06/24/2019,28.1,19,23.7,,30,7.5,,,14.9,159.29,25.2,15,56.1,72.54,"Rain, Partially cloudy"
"Budapest, Magyarország",06/25/2019,30.8,19.9,25.7,,32.9,0,,,15.3,120.71,,14.9,24.2,68.51,Clear
"Budapest, Magyarország",06/26/2019,32.9,20.7,27.4,,35.2,0,,,9.6,186.63,,14.7,6.3,66.63,Clear
"Budapest, Magyarország",06/27/2019,33.5,20.2,27.4,,37.7,0,,,24.8,262.88,48.2,14,8.8,65.45,Clear
"Budapest, Magyarország",06/28/2019,26.6,18.4,23.1,,,0,,,18.1,197.46,35.4,14.8,10.4,43.21,Clear
"Budapest, Magyarország",06/29/2019,27.1,15.4,21.8,,27,0,,,13.4,210.17,,14.8,26.9,57.23,Partially cloudy
"Budapest, Magyarország",06/30/2019,30.3,14.9,23.7,,30.5,0,,,13.9,192.33,29.5,14.8,0.2,63.13,Clear
"Budapest, Magyarország",07/01/2019,35,17,26.3,,35.4,0,,,17.4,171.38,25.2,14.3,17.5,60.84,Clear
"Budapest, Magyarország",07/02/2019,31.3,19.6,26.5,,31.7,0,,,17.8,298.54,31.5,14.8,28.9,53.83,Partially cloudy
"Budapest, Magyarország",07/03/2019,28.5,18.9,24.3,,27.9,0,,,18.6,304.33,40.7,15,25,46.34,Clear
"Budapest, Magyarország",07/04/2019,27.2,17,22.1,,26.9,0,,,15.9,254.09,27.7,13.1,31.8,44.46,Partially cloudy
"Budapest, Magyarország",07/05/2019,29.6,12.6,22.1,,28.4,0,,,26,229.21,35.2,10,2,55.8,Clear
"Budapest, Magyarország",07/06/2019,31.5,13.9,24.1,,30.6,0,,,18,159.38,29.1,10,0,54.01,Clear
"Budapest, Magyarország",07/07/2019,29.3,18.8,23.3,,28.9,1.34,,,27.7,250.29,36,9.9,6.6,67.91,Rain
"Budapest, Magyarország",07/08/2019,23.8,16.9,20.2,,,0.1,,,24.3,290.96,43.2,10,0,52.75,Rain
"Budapest, Magyarország",07/09/2019,24.2,13.9,19.3,,,0,,,20.8,201.08,30.7,10,0.4,52.24,Clear
"Budapest, Magyarország",07/10/2019,22.8,14.5,18.9,,,0,,,20,316.29,44.6,10,0,44.3,Clear
"Budapest, Magyarország",07/11/2019,24.9,10,18.4,,,0,,,21.4,239.5,44.6,10,1,54.84,Clear
"Budapest, Magyarország",07/12/2019,20,11.3,16.4,,,0.45,,,16.6,175.17,25.2,10,8.8,77.32,Rain
"Budapest, Magyarország",07/13/2019,21.8,14.5,17.3,,,25.53,,,14.2,233.83,36.6,9,21.2,85.8,Rain
"Budapest, Magyarország",07/14/2019,23.5,14.3,18.4,,,0.14,,,13.9,209.83,25.2,10,8.7,76.06,Rain
"Budapest, Magyarország",07/15/2019,24.8,13.8,19.5,,,0,,,10.9,248.42,,10,1.1,61.13,Clear
"Budapest, Magyarország",07/16/2019,26.3,12.7,20.5,,,0,,,17.4,226.96,,10,0,53.79,Clear
"Budapest, Magyarország",07/17/2019,25.9,15.4,20.8,,,0,,,21.5,298.83,36,10,1,51.02,Clear
"Budapest, Magyarország",07/18/2019,24.4,15.1,19.8,,,1.12,,,13.9,126.88,,10,8.9,68.11,Rain
"Budapest, Magyarország",07/19/2019,28.2,14.2,21.7,,28.1,0.1,,,12.4,150.38,,10,4.3,67.35,Rain
"Budapest, Magyarország",07/20/2019,31.1,15.9,24.1,,30.8,0,,,15,138.83,28.6,10,0.7,62.8,Clear
"Budapest, Magyarország",07/21/2019,32.1,18.4,24.7,,32.4,0.3,,,16.9,190.79,25.2,10,2,63.1,Rain
"Budapest, Magyarország",07/22/2019,30.3,17.3,24.2,,28.9,0,,,20.7,287.46,28.8,10,1.1,55.6,Clear
"Budapest, Magyarország",07/23/2019,29.7,20,24.7,,29.3,0,,,22.2,240.13,28.8,10,0,53.68,Clear
"Budapest, Magyarország",07/24/2019,28.9,16.1,23.2,,29.1,0,,,9.7,156.48,,10,10,65.54,Clear
"Budapest, Magyarország",07/25/2019,30.9,18,24.4,,30.4,0,,,16,102.08,,10,1.4,62.35,Clear
"Budapest, Magyarország",07/26/2019,32,17.6,24,,32.8,10,,,24.7,155.63,25.2,10,3.5,67.37,Rain
"Budapest, Magyarország",07/27/2019,24.2,18.5,21.3,,,1.49,,,17.9,72.33,43.6,9.9,8.6,83.63,Rain
"Budapest, Magyarország",07/28/2019,26.8,17.7,21.4,,28.6,32.13,,,17.8,106.67,40.6,9.9,19.5,87.53,Rain
"Budapest, Magyarország",07/29/2019,26.3,19.1,21.8,,,19.38,,,11.2,172.5,,10,20.5,84.55,Rain
"Budapest, Magyarország",07/30/2019,30.5,18.8,24.5,,33,6.4,,,19.1,297.46,28.8,9.7,6.5,75.18,Rain
"Budapest, Magyarország",07/31/2019,30.4,21.4,25.8,,31.6,0,,,14.2,269.75,25.2,10,8.1,68.75,Clear
"Budapest, Magyarország",08/01/2019,29.1,19.6,24.2,,29.3,0.66,,,19.4,301.71,30.9,10,5.8,66.29,Rain
"Budapest, Magyarország",08/02/2019,26.3,15.7,20.4,,,5.45,,,10.5,202.58,25.2,10,14.8,80.13,Rain
"Budapest, Magyarország",08/03/2019,24.7,17,20.6,,,1.4,,,16.3,254.46,,9.3,16.8,78.64,Rain
"Budapest, Magyarország",08/04/2019,25.4,15.4,20.2,,,0,,,13.2,300.17,28.8,10,1,63.57,Clear
"Budapest, Magyarország",08/05/2019,27.6,12.6,21.1,,27.7,0,,,14.5,226.83,76,10,0.9,66.28,Clear
"Budapest, Magyarország",08/06/2019,29,17.6,23.2,,30,0.4,,,11.7,190.33,25.2,10,7.4,72.46,Rain
"Budapest, Magyarország",08/07/2019,29.9,18.6,24.4,,31.6,2,,,15.8,140.63,,10,1.7,74.45,Rain
"Budapest, Magyarország",08/08/2019,24.6,19.3,22,,,0.5,,,19.1,273.71,43.2,10,10.3,74.9,Rain
"Budapest, Magyarország",08/09/2019,30.5,16.4,23.8,,30.1,0,,,14.9,230.08,20.5,10,0.5,68.31,Clear
"Budapest, Magyarország",08/10/2019,32.6,18.7,25.8,,34.4,0,,,14,137.96,28.8,10,2.4,70.29,Clear
"Budapest, Magyarország",08/11/2019,32.2,21.2,26,,31.1,0,,,16.1,265.21,25.2,10,0,55.99,Clear
"Budapest, Magyarország",08/12/2019,34.8,20,27.1,,36.6,0,,,10.9,150.79,25.2,10,3.5,64.5,Clear
"Budapest, Magyarország",08/13/2019,26.1,20,23.4,,,0.2,,,23.3,289.88,43.1,9.8,3.9,72.97,Rain
"Budapest, Magyarország",08/14/2019,21.4,14.6,18,,,20.56,,,21.1,262.04,39.3,9.6,21.4,85.17,Rain
"Budapest, Magyarország",08/15/2019,24.7,11.3,17.9,,,0,,,9.5,256.25,,9.9,0.6,68.9,Clear
"Budapest, Magyarország",08/16/2019,23.9,11.8,18.5,,,0.3,,,17.1,225.92,29.4,10,11.4,72.92,Rain
"Budapest, Magyarország",08/17/2019,26.2,12.9,20.1,,,0,,,8.1,258.29,,10,2.8,68.31,Clear
"Budapest, Magyarország",08/18/2019,30.1,15.5,22.3,,29.8,0,,,17.1,146.33,27.6,10,0,67.49,Clear
"Budapest, Magyarország",08/19/2019,32.5,16.5,24.5,,31.5,0,,,15.1,149.71,25.2,10,0,59.34,Clear
"Budapest, Magyarország",08/20/2019,33.5,18.3,25.8,,33.2,0,,,10.9,116.54,,10,0,59.71,Clear
"Budapest, Magyarország",08/21/2019,28.3,19.6,23.4,,29.2,0,,,23.2,231.5,36.6,10,0,67.47,Clear
"Budapest, Magyarország",08/22/2019,29.4,16.2,22.6,,29.8,0.6,,,12.6,216.21,,10,0.9,68.22,Rain
"Budapest, Magyarország",08/23/2019,30,19.5,24.3,,30.9,0.2,,,13,171.83,,10,1.4,69.29,Rain
"Budapest, Magyarország",08/24/2019,31.5,18.8,25.5,,32.2,0,,,12.8,148.38,,10,4.2,65.58,Clear
"Budapest, Magyarország",08/25/2019,31.2,21.1,26.1,,31.7,13.51,,,13.5,216.79,57.6,10,8.5,63.56,Rain
"Budapest, Magyarország",08/26/2019,27.4,21.3,24,,28.8,2.55,,,13.3,120.79,,10,14,71.89,Rain
"Budapest, Magyarország",08/27/2019,30,20.3,24.7,,30.3,0,,,14.7,114.17,,10,4.4,68.24,Clear
"Budapest, Magyarország",08/28/2019,33.6,18.9,26.1,,32.9,0,,,13.3,94.46,25.2,10,0,60.13,Clear
"Budapest, Magyarország",08/29/2019,33.7,18.8,26,,32.4,0,,,12,103.46,,10,0,54.02,Clear
"Budapest, Magyarország",08/30/2019,32.2,18.9,24.9,,31.8,0.1,,,18.2,213.13,41.2,10,3,57.93,Rain
"Budapest, Magyarország",08/31/2019,33,20,26,,32.1,3,,,12.7,169.83,32.4,10,0,55.57,Rain
"Budapest, Magyarország",09/01/2019,32.9,18.1,25.3,,32.3,0,,,14.3,109.46,29.5,10,3.6,56.49,Clear
"Budapest, Magyarország",09/02/2019,30.9,18.5,23.8,,30.3,0.8,,,22.7,206.38,43.2,10,0,63.04,Rain
"Budapest, Magyarország",09/03/2019,19.3,14.2,16.9,,,1.72,,,22.8,258.58,37.7,10,15,81.22,Rain
"Budapest, Magyarország",09/04/2019,24.8,11,17.4,,,0,,,8.4,187.92,,9.4,1.6,67.47,Clear
"Budapest, Magyarország",09/05/2019,26.1,10.6,18.4,,,0,,,9.5,142.79,25.2,10,0,61.66,Clear
"Budapest, Magyarország",09/06/2019,26.5,12.8,20,,,0,,,17.4,102.63,25.2,10,0.2,61.53,Clear
"Budapest, Magyarország",09/07/2019,19.5,15.3,17.6,,,8.07,,,10.9,149.5,,9.3,18.1,80.34,Rain
"Budapest, Magyarország",09/08/2019,21.8,15.1,18,,,12.08,,,18.6,92.08,,8.2,24.1,90.09,Rain
"Budapest, Magyarország",09/09/2019,19.7,13,17.1,,,33.42,,,16.4,164.13,40.2,8.9,23.8,92.08,Rain
"Budapest, Magyarország",09/10/2019,22.1,8.7,15.3,8.7,,0.5,,,8.7,129.5,,9,5.1,77.6,Rain
"Budapest, Magyarország",09/11/2019,25,10.3,17.8,,,0,,,10,182.75,,10,0,71.42,Clear
"Budapest, Magyarország",09/12/2019,25.4,14.7,20.1,,,0,,,19.5,315.46,30.4,10,0.6,62.49,Clear
"Budapest, Magyarország",09/13/2019,25.8,12.7,19.5,,,0,,,16.1,308.96,28.8,10,1.3,66.84,Clear
"Budapest, Magyarország",09/14/2019,25.1,15.1,19.6,,,0,,,19.8,273.29,25.2,10,3.3,64.53,Clear
"Budapest, Magyarország",09/15/2019,23.2,9,15.8,8.5,,0,,,11.1,202.21,,10,0,65.68,Clear
"Budapest, Magyarország",09/16/2019,27.5,10.8,19.1,,27.7,0,,,19.1,218.71,28.8,10,2.3,69.31,Clear
"Budapest, Magyarország",09/17/2019,22.8,16.9,19.4,,,7.3,,,24.5,273.75,36,10,10,70.76,Rain
"Budapest, Magyarország",09/18/2019,17.8,8,14.4,8.1,,0,,,30.4,294.13,43.2,10,1,52.75,Clear
"Budapest, Magyarország",09/19/2019,17.2,4.2,11.2,2.4,,0,,,19.8,307.17,31.5,10,0.6,58.17,Clear
"Budapest, Magyarország",09/20/2019,17.2,3.7,11.1,3.5,,0,,,11.2,258.79,25.2,10,0.9,59.32,Clear
"Budapest, Magyarország",09/21/2019,19.1,4.4,11.6,3.3,,0,,,10.9,160.05,,10,2.3,61.48,Clear
"Budapest, Magyarország",09/22/2019,21.7,4.8,13.2,3.3,,0,,,15.5,102.92,31.8,10,0,59.43,Clear
"Budapest, Magyarország",09/23/2019,16.5,13.4,14.8,,,0,,,12.9,116.54,28.8,10,31.6,62.67,Partially cloudy
"Budapest, Magyarország",09/24/2019,21.5,14.1,16.8,,,0,,,11.7,283.46,,10,8.3,69.31,Clear
"Budapest, Magyarország",09/25/2019,21.1,12.4,16.8,,,0,,,8.7,143.96,31.7,8.7,22.3,82.1,Clear
"Budapest, Magyarország",09/26/2019,22.3,12.6,16.9,,,0.17,,,22,287.21,32.4,10,2.1,72.85,Rain
"Budapest, Magyarország",09/27/2019,22.9,8,15.9,,,0,,,11.7,175.58,,10,3.5,75.8,Clear
"Budapest, Magyarország",09/28/2019,22.1,13,16.3,,,0.1,,,20.1,233.87,30.2,10,4.3,76.77,Rain
"Budapest, Magyarország",09/29/2019,22.2,11.2,16.5,,,0,,,17.4,169.38,31.2,10,10.1,78.79,Clear
"Budapest, Magyarország",09/30/2019,24.8,12,18.3,,,1.92,,,35.5,218.29,63,10,1.4,67.28,Rain
"Budapest, Magyarország",10/01/2019,23.1,9.2,16.3,9.3,,0,,,17.7,202.63,33.5,10,0,61.15,Clear
"Budapest, Magyarország",10/02/2019,24.1,12.2,16.6,,,2.34,,,20.6,188.58,35.4,10,11.9,74.4,Rain
"Budapest, Magyarország",10/03/2019,14.4,8.7,12.1,7,,5.53,,,30.2,304.88,39.6,10,18,72.06,Rain
"Budapest, Magyarország",10/04/2019,15.3,5.2,10.1,4.2,,0,,,14.6,260.13,,10,6.5,72.44,Clear
"Budapest, Magyarország",10/05/2019,13,7.8,10.2,6.5,,5,,,17.3,172.25,39.6,9.8,21.2,87.63,Rain
"Budapest, Magyarország",10/06/2019,13.5,6.7,10.3,4.9,,0.5,,,22.7,257.08,37.4,10,22.5,74.65,Rain
"Budapest, Magyarország",10/07/2019,12.4,5.3,8.3,3.9,,0,,,11.9,122.88,,10,18.7,65.87,Clear
"Budapest, Magyarország",10/08/2019,14.6,-0.6,8,0,,0,,,19.1,139.38,32.4,10,4.1,65.28,Clear
"Budapest, Magyarország",10/09/2019,20.5,6.3,14.1,4.7,,0,,,18.3,172.04,28.8,10,2.5,61.06,Clear
"Budapest, Magyarország",10/10/2019,17,11,13.8,,,0.74,,,25.8,246.04,39.6,10,15.7,76.2,Rain
"Budapest, Magyarország",10/11/2019,19,6.2,12.2,6.9,,0.1,,,17.7,187.42,25.2,10,4,78.3,Rain
"Budapest, Magyarország",10/12/2019,21,6.8,12.9,5.3,,0,,,13.2,134.92,,10,0,77.97,Clear
"Budapest, Magyarország",10/13/2019,22.1,8,14.4,7.3,,0,,,17,114.96,28.8,9,7.7,82.33,Clear
"Budapest, Magyarország",10/14/2019,23.4,9.1,15,9.1,,0,,,9.4,91.5,26.5,8.6,0,79.18,Clear
"Budapest, Magyarország",10/15/2019,24.1,8.9,15.9,9.2,,0,,,15.6,107.46,30.8,9.6,0,74.92,Clear
"Budapest, Magyarország",10/16/2019,19.3,9.2,13.8,8.3,,0.14,,,15,196.67,25.2,10,3.9,83.25,Rain
"Budapest, Magyarország",10/17/2019,21.5,6,13.4,7.9,,0.2,,,7.4,236.04,,8,3.4,76.89,Rain
"Budapest, Magyarország",10/18/2019,21.6,8.1,14.3,7.3,,0,,,13.6,131.46,29.1,10,9,75.51,Clear
"Budapest, Magyarország",10/19/2019,22.8,8.5,14.9,7.7,,0,,,19.8,137.67,32.4,10,2.9,74.88,Clear
"Budapest, Magyarország",10/20/2019,24.9,10.2,16.8,,,0,,,19.4,143.63,37.5,10,0.5,67.62,Clear
"Budapest, Magyarország",10/21/2019,25.3,12.3,17.7,,,0,,,13.7,141.38,25.2,10,0,72.74,Clear
"Budapest, Magyarország",10/22/2019,24.9,9.4,16,,,0,,,10.9,113.29,,9,0,79.95,Clear
"Budapest, Magyarország",10/23/2019,25.5,9.9,16.2,9.5,,0,,,12.7,107.46,28.8,9,0,76.63,Clear
"Budapest, Magyarország",10/24/2019,23.8,10.2,15.9,,,0,,,11.4,74.96,25.2,9.3,0.5,72.07,Clear
"Budapest, Magyarország",10/25/2019,23.7,8.1,14.4,7.2,,0,,,8.7,256.08,,8.3,0,75.1,Clear
"Budapest, Magyarország",10/26/2019,20.1,4.5,11.3,5.1,,0,,,8,135.3,,4.5,1,86.52,Clear
"Budapest, Magyarország",10/27/2019,20.3,4.8,11.4,3.7,,0,,,7.1,138.24,,4.6,0.8,87.25,Clear
"Budapest, Magyarország",10/28/2019,18.2,5.4,10.9,9.3,,0.68,,,17.9,271.75,36,7.2,2,86.71,Rain
"Budapest, Magyarország",10/29/2019,9.7,7.1,8.2,5.9,,3.13,,,9.6,207.42,,8.7,32.5,86.21,"Rain, Partially cloudy"
"Budapest, Magyarország",10/30/2019,9.7,3.7,6.7,2.3,,5.54,,,10.6,229.33,,8,15.7,89.66,Rain
"Budapest, Magyarország",10/31/2019,8.9,0.2,4.7,-2.4,,0.1,,,8.5,204.61,,8,18.7,81.67,Rain
"Budapest, Magyarország",11/01/2019,9.5,-0.3,5.9,0.9,,0,,,15.8,155.09,36,9.5,36.8,82.43,Partially cloudy
"Budapest, Magyarország",11/01/2019,9.5,-0.3,5.9,0.9,,0,,,15.8,155.09,36,9.5,36.8,82.43,Partially cloudy
"Budapest, Magyarország",11/02/2019,9.3,4.1,6.9,0.4,,0.1,,,20.1,104.54,36,9,67.1,94.09,"Rain, Partially cloudy"
"Budapest, Magyarország",11/03/2019,16.7,8.6,12.4,7.3,,0.8,,,20.6,106.63,39.6,7.3,28.4,95.98,"Rain, Partially cloudy"
"Budapest, Magyarország",11/04/2019,14.6,7.2,11.6,6.2,,7.42,,,14.3,202.96,39.6,7.5,25.1,96.95,"Rain, Partially cloudy"
"Budapest, Magyarország",11/05/2019,14.2,6.7,10.8,5.3,,8.33,,,12.4,126.21,31.6,6,21,98.56,Rain
"Budapest, Magyarország",11/06/2019,13.3,7.2,10.2,6.3,,14.28,,,15.4,203.75,,8.6,20.8,87.55,Rain
"Budapest, Magyarország",11/07/2019,11.6,7.4,9.2,6.3,,5.61,,,9.5,122.5,,6.7,38,93.96,"Rain, Partially cloudy"
"Budapest, Magyarország",11/08/2019,12.4,8.7,10,6.6,,0.1,,,15.6,94.67,28.8,6.3,42.2,93.04,"Rain, Partially cloudy"
"Budapest, Magyarország",11/09/2019,12.8,8.6,10.7,6.7,,7.58,,,12.3,151.71,28.8,4.8,34.3,94.86,"Rain, Partially cloudy"
"Budapest, Magyarország",11/10/2019,9.3,6.8,7.7,3.5,,17.11,,,18.8,307.83,36,6.3,35.6,95.83,"Rain, Partially cloudy"
"Budapest, Magyarország",11/11/2019,10.7,2.5,6.5,1.1,,0.1,,,17.6,172.79,25.2,8.4,11.7,84.97,Rain
"Budapest, Magyarország",11/12/2019,13.4,5.7,8.6,3.5,,5.86,,,17.7,84.96,28.8,9.8,6.2,87.8,Rain
"Budapest, Magyarország",11/13/2019,18.3,6.3,13.6,3.4,,5.71,,,25.6,156.17,36.6,10,8.7,80.62,Rain
"Budapest, Magyarország",11/14/2019,11.5,1.9,7.3,0.3,,0.78,,,15.5,234.79,,9.7,15.5,83.86,Rain
"Budapest, Magyarország",11/15/2019,11.4,8.9,10.4,8.2,,0.4,,,16.6,124.79,33.7,6.4,42,93.04,"Rain, Partially cloudy"
"Budapest, Magyarország",11/16/2019,13.9,8.9,11.6,7.4,,0.4,,,13.7,105.25,31.4,9.9,0.7,87.93,Rain
"Budapest, Magyarország",11/17/2019,16.6,9.5,12.5,8,,2,,,22.8,101.42,32.4,10,0,78.32,Rain
"Budapest, Magyarország",11/18/2019,14.6,5.3,10.7,3.9,,1.29,,,17.8,134.63,31.8,10,9.5,79.87,Rain
"Budapest, Magyarország",11/19/2019,13.1,4.3,8.8,2.1,,0,,,13.8,78.17,25.2,10,6.4,81.94,Clear
"Budapest, Magyarország",11/20/2019,11.2,8.5,10,6.7,,3,,,18.4,76.96,28.8,9.6,19.2,88.48,Rain
"Budapest, Magyarország",11/21/2019,13.5,9.7,11,7.4,,0.46,,,16.4,125.54,36,9.3,19,88.82,Rain
"Budapest, Magyarország",11/22/2019,11.7,4.9,9.3,2.4,,0,,,19.1,124.04,37,10,27.9,77.86,Partially cloudy
"Budapest, Magyarország",11/23/2019,9.1,3.1,5.7,-0.5,,0,,,22.5,117.67,37,10,13.2,77.21,Clear
"Budapest, Magyarország",11/24/2019,10.8,3.3,6.2,-0.2,,0,,,19.8,94.63,32.4,10,1.4,81.81,Clear
"Budapest, Magyarország",11/25/2019,10.8,1.1,5.4,0.4,,0,,,8.3,92.54,28.8,9.1,0.4,87.31,Clear
"Budapest, Magyarország",11/26/2019,10.1,3.4,7.4,2.6,,0,,,7.4,187.21,,7.6,38.1,87.51,Partially cloudy
"Budapest, Magyarország",11/27/2019,8.2,4.3,6.7,1.4,,0,,,16.4,122.21,40.6,5.7,28.4,91.85,Partially cloudy
"Budapest, Magyarország",11/28/2019,11,7.2,9.1,7.5,,6.91,,,11.2,201.38,25.2,4.9,34.4,97.58,"Rain, Partially cloudy"
"Budapest, Magyarország",11/29/2019,11.3,5.2,7.6,4.3,,1.1,,,14.6,224.58,,4.8,24.3,94.72,Rain
"Budapest, Magyarország",11/30/2019,7.8,-2.7,3.3,-5.2,,0,,,26.6,311.21,41.1,10,5.5,67.07,Clear
"Budapest, Magyarország",12/01/2019,3.9,-6,-0.7,-8.9,,0,,,13.7,154.08,,9.6,3.8,78.02,Clear
"Budapest, Magyarország",12/02/2019,1,-1.3,0,-4.4,,12.93,,,18.5,218.5,27.5,5.7,28.1,93.2,"Rain, Partially cloudy"
"Budapest, Magyarország",12/03/2019,3.6,-4.6,0.5,-7.5,,0,,,17.6,247.13,39.6,8.6,1.3,82.71,Clear
"Budapest, Magyarország",12/04/2019,-1.8,-7.1,-3.9,-10.7,,0,,,10.6,97.96,32.4,2.3,34.8,96.85,Partially cloudy
"Budapest, Magyarország",12/05/2019,-1.7,-1.9,-1.8,-6.2,,0,,,12.9,114.46,25.2,4.4,45.2,95.38,Partially cloudy
"Budapest, Magyarország",12/06/2019,-0.2,-1.9,-1,-5.6,,0,,,10.8,130.42,,2.5,44.7,95.52,Partially cloudy
"Budapest, Magyarország",12/07/2019,1,-0.5,0.3,-3.6,,0,,,10.5,178.13,,0.9,31.7,98.72,Partially cloudy
"Budapest, Magyarország",12/08/2019,7.3,1,3,-1.2,,0,,,11.2,178.79,,3.2,24.1,95.03,Clear
"Budapest, Magyarország",12/09/2019,4.9,1.9,3.6,-0.6,,1.1,,,11.3,96.83,28.8,2.8,36,98.21,"Rain, Partially cloudy"
"Budapest, Magyarország",12/10/2019,7.8,3,4.9,-0.5,,10.15,,,22.2,290.04,43.2,8,16.2,79.82,Rain
"Budapest, Magyarország",12/11/2019,5.7,-0.3,2.1,-2.5,,0,,,7.4,242,,10,19.3,70.53,Clear
"Budapest, Magyarország",12/12/2019,2.9,1.6,2.3,-0.8,,2.51,,,10.9,72.92,,4,41.3,95.23,"Rain, Partially cloudy"
"Budapest, Magyarország",12/13/2019,4.5,1.7,3.2,-2.6,,8.89,,,18.3,144.75,40.6,5.6,38.7,95.43,"Rain, Partially cloudy"
"Budapest, Magyarország",12/14/2019,7.2,3.4,4.9,1.1,,2.96,,,15.6,202.63,46.8,8,24.8,90,Rain
"Budapest, Magyarország",12/15/2019,8.8,-0.2,3.3,-3,,0.3,,,13.1,140.58,32.4,7.9,0,89.43,Rain
"Budapest, Magyarország",12/16/2019,10.1,-0.8,3.5,-3.1,,0,,,12.3,93.17,28.8,6.3,8.4,91.88,Clear
"Budapest, Magyarország",12/17/2019,16.3,4.6,11.3,5,,0,,,24.9,186.67,41.8,10,0,71.62,Clear
"Budapest, Magyarország",12/18/2019,15.9,6.7,10.5,5.5,,0,,,15.7,154.38,27.6,9.9,0,79.6,Clear
"Budapest, Magyarország",12/19/2019,8.3,3.6,5.8,1.2,,0,,,9.3,65.71,21.6,4.8,4.8,93.58,Clear
"Budapest, Magyarország",12/20/2019,10.3,1.8,6,0.3,,0,,,17.3,90.04,31.1,6.6,6.4,88.63,Clear
"Budapest, Magyarország",12/21/2019,11.8,9.6,10.3,7.5,,8.23,,,20.2,139.79,46.8,9.5,10.5,83.98,Rain
"Budapest, Magyarország",12/22/2019,10.3,2.5,7.2,2.2,,11.23,,,17.8,138.67,34,9.1,26.3,92.1,"Rain, Partially cloudy"
"Budapest, Magyarország",12/23/2019,7.7,6,6.9,1.5,,22.35,,,35.8,317.38,64.8,9.2,32.5,85.17,"Rain, Partially cloudy"
"Budapest, Magyarország",12/24/2019,9.3,4.1,6.9,1.6,,0,,,35.3,301.21,63,10,15.7,71.42,Clear
"Budapest, Magyarország",12/25/2019,8.3,4,6.3,2.3,,0.61,,,19.5,290.54,31.6,10,27.5,87.54,"Rain, Partially cloudy"
"Budapest, Magyarország",12/26/2019,7.6,1.7,5.2,-0.8,,0.3,,,28,310.38,38.7,10,5.2,73.84,Rain
"Budapest, Magyarország",12/27/2019,6.9,1.8,3.4,-1.6,,0,,,22.6,313.33,36,10,3.5,76.92,Clear
"Budapest, Magyarország",12/28/2019,4.5,0.4,2.1,-4.1,,0,,,25.7,325.29,54.1,10,5.4,68.35,Clear
"Budapest, Magyarország",12/29/2019,2.9,-5,-0.7,-5.3,,0,,,15.3,235.83,36.8,10,1.5,68.64,Clear
"Budapest, Magyarország",12/30/2019,1.6,-7.9,-2.8,-10.2,,0,,,10.5,183.71,,8.1,0,83.48,Clear
"Budapest, Magyarország",12/31/2019,5.3,-2.5,0.6,-5.4,,0,,,22.3,234.5,36,9.6,1.4,77.74,Clear
"Budapest, Magyarország",01/01/2020,6.8,-3.6,1.2,-4.1,,0,,,14.6,255.38,33,9.3,0,78.72,Clear
"Budapest, Magyarország",01/02/2020,4.1,-5.6,-2.1,-8.1,,0,,,12.6,132.92,,4.3,8.3,90.49,Clear
"Budapest, Magyarország",01/03/2020,-2,-3.3,-2.7,-6.9,,0,,,9.5,140.58,28.8,1.6,40.1,96.84,Partially cloudy
"Budapest, Magyarország",01/04/2020,5,-2.5,0.9,-6.1,,0,,,25.3,251.58,51.6,5.2,27.1,89.72,Partially cloudy
"Budapest, Magyarország",01/05/2020,5,-1.2,2.5,-5.2,,0.15,,,30.4,327.25,56.9,10,6.4,61.51,Rain
"Budapest, Magyarország",01/06/2020,3,-5.1,-1.4,-8.3,,0,,,11.9,266.04,,10,0,68.31,Clear
"Budapest, Magyarország",01/07/2020,3,-7.1,-3,-10.4,,0,,,13.9,176.13,,9.7,0,76.65,Clear
"Budapest, Magyarország",01/08/2020,3,-6.5,-2.5,-9.8,,0,,,8,169.83,,7.9,0,80.53,Clear
"Budapest, Magyarország",01/09/2020,2.5,-3.8,-0.6,-7.1,,0.1,,,10.4,116.79,25.2,3.4,24.9,90.36,Rain
"Budapest, Magyarország",01/10/2020,0.8,-3.1,-1.2,-5.6,,0,,,10.7,109.21,25.2,3.1,25,92.96,Clear
"Budapest, Magyarország",01/11/2020,7,-4.9,0,-6.6,,0,,,23.3,209.96,37,4.8,8.9,85.34,Clear
"Budapest, Magyarország",01/12/2020,6,-6.3,-1.4,-6.4,,0,,,9,157.04,,5.4,5.3,88.79,Clear
"Budapest, Magyarország",01/13/2020,-2,-3.8,-3.1,-7.7,,0,,,13,147.63,,0.5,37.2,97.91,Partially cloudy
"Budapest, Magyarország",01/14/2020,-1.9,-3.2,-2.5,-7.3,,0,,,10.9,116.42,,1.3,39.8,97.62,Partially cloudy
"Budapest, Magyarország",01/15/2020,-1.1,-2.6,-1.7,-6.1,,0,,,12.3,90.58,28.8,1,42.8,97.36,Partially cloudy
"Budapest, Magyarország",01/16/2020,0,-2.6,-1.1,-4.2,,0,,,9.1,134.92,,1.5,36.8,98.55,Partially cloudy
"Budapest, Magyarország",01/17/2020,-1.9,-3.5,-2.6,-6.3,,0,,,10.5,113,32.4,0.6,33.9,98.49,Partially cloudy
"Budapest, Magyarország",01/18/2020,-1.1,-2.6,-1.5,-5.8,,0,,,9.9,136.5,,2.2,42.2,98.51,Partially cloudy
"Budapest, Magyarország",01/19/2020,0,-1.1,-0.5,-2.5,,0.7,,,6.8,104.63,,2.2,37.3,99.08,"Rain, Partially cloudy"
"Budapest, Magyarország",01/20/2020,3.7,-1.2,0.4,-2.1,,0.6,,,7.4,201.58,,1.5,24,97.48,Rain
"Budapest, Magyarország",01/21/2020,-0.2,-2.3,-1.2,-4.7,,0,,,10.5,232.5,,1.5,31.2,98.72,Partially cloudy
"Budapest, Magyarország",01/22/2020,-0.2,-3.9,-1.6,-6.2,,0,,,15.5,231.5,28.8,5.3,33.3,94.2,Partially cloudy
"Budapest, Magyarország",01/23/2020,5,-7.3,-1.9,-9.6,,0,,,10.5,160.33,,6.4,1.8,86.62,Clear
"Budapest, Magyarország",01/24/2020,-1.1,-5.9,-2.7,-8.4,,0,,,8.2,113.75,,2,31,97.17,Partially cloudy
"Budapest, Magyarország",01/25/2020,-1,-2,-1.4,-4.9,,0,,,7.8,153.71,,2.9,46.2,95.52,Partially cloudy
"Budapest, Magyarország",01/26/2020,0.7,-1.8,-0.7,-4.5,,0,,,8.7,83.75,,3.1,45.4,95.69,Partially cloudy
"Budapest, Magyarország",01/27/2020,1.4,-0.9,0.2,-3.9,,0.6,,,9.7,245.42,25.2,3.5,38.6,94.94,"Rain, Partially cloudy"
"Budapest, Magyarország",01/28/2020,3.2,-0.9,1,-4.6,,8.06,,,25.7,141.38,45.1,3.7,31.9,98.34,"Rain, Partially cloudy"
"Budapest, Magyarország",01/29/2020,4,0.5,2.3,-3.4,,4.5,,,16.8,256.71,36,9.2,14.4,86.02,Rain
"Budapest, Magyarország",01/30/2020,6.6,1.2,3.7,-2.6,,0.65,,,22.5,247.96,39.6,10,10.4,74.11,Rain
"Budapest, Magyarország",01/31/2020,14,-1.6,6.2,-4.3,,0.72,,,26.4,221.46,53.6,9.6,16.7,81.19,Rain
"Budapest, Magyarország",02/01/2020,14.2,5.1,9.7,2.4,,0,,,16.6,215.04,23.2,10,1.5,76.74,Clear
"Budapest, Magyarország",02/02/2020,13.9,6.9,10.5,5.6,,0.91,,,32.5,248.13,66.6,10,16,71.85,Rain
"Budapest, Magyarország",02/03/2020,11.3,8.1,10,5.3,,2.4,,,30.6,281.5,40.4,10,18.2,70.83,Rain
"Budapest, Magyarország",02/04/2020,8.7,4.9,6.3,-0.8,,5.9,,,43.1,265.79,81.7,9.8,25.1,75.91,"Rain, Partially cloudy"
"Budapest, Magyarország",02/05/2020,9.1,0.4,4.5,-3.9,,0,,,33.6,291.58,61.6,10,0.9,55.42,Clear
"Budapest, Magyarország",02/06/2020,4.1,-0.8,2,-5.6,,0,,,28.2,318.21,43.2,10,0,61.4,Clear
"Budapest, Magyarország",02/07/2020,8.3,2.1,4.7,-2.1,,0,,,24,267.42,42,10,10.3,68.47,Clear
"Budapest, Magyarország",02/08/2020,5.1,-3.3,0.7,-4.9,,0,,,10.9,135.5,28.8,10,10.5,47.32,Clear
"Budapest, Magyarország",02/09/2020,9.4,-4.7,1.6,-7.1,,0,,,14.4,114.67,29.8,10,0,58.67,Clear
"Budapest, Magyarország",02/10/2020,15.1,2.6,8.1,-0.3,,0.41,,,38.9,217.04,58.2,10,17.5,65.52,Rain
"Budapest, Magyarország",02/11/2020,10.2,1.6,6,-0.6,,10.5,,,51.5,255.17,78.8,9.8,15.5,66.38,Rain
"Budapest, Magyarország",02/12/2020,7.4,0.3,4.1,-2.5,,1.85,,,30.6,263.79,56,10,11.1,66.02,Rain
"Budapest, Magyarország",02/13/2020,9,0.9,4.6,-1.8,,0.1,,,15.7,217.25,25.2,10,1.4,69.98,Rain
"Budapest, Magyarország",02/14/2020,9.8,4.3,6.5,2.3,,1.51,,,23.8,244.33,39.6,9.8,19.7,78.2,Rain
"Budapest, Magyarország",02/15/2020,8.8,1.2,5,-0.8,,0,,,13.8,177.46,28.8,9.8,2.3,79.31,Clear
"Budapest, Magyarország",02/16/2020,11.5,-1.1,5,-2.9,,0,,,17,122.25,32.4,8,4.6,78.37,Clear
"Budapest, Magyarország",02/17/2020,12.1,2,6.3,-0.4,,0,,,12.6,104.71,28.8,9.9,0,75.47,Clear
"Budapest, Magyarország",02/18/2020,12.1,2.9,7.7,2.2,,0,,,27.1,288.25,52.5,9.4,6.6,65.32,Clear
"Budapest, Magyarország",02/19/2020,9.6,-2,4.9,-2.8,,0,,,17.3,255.5,38.3,10,9.8,67.17,Clear
"Budapest, Magyarország",02/20/2020,9.4,-1.4,4.7,-3.4,,1.23,,,24.2,263.46,39.6,10,6.7,65.86,Rain
"Budapest, Magyarország",02/21/2020,7.9,-2.4,3.3,-4.8,,0.37,,,39.4,237.67,73.2,9.9,10.9,68,Rain
"Budapest, Magyarország",02/22/2020,10.5,-3.5,4.4,-2.9,,0,,,17.8,220.96,28.8,10,0,62.23,Clear
"Budapest, Magyarország",02/23/2020,14.1,3.1,8.8,1.6,,0.23,,,27.3,223.71,50,10,0,60.02,Rain
"Budapest, Magyarország",02/24/2020,15.6,6.4,9.1,2.4,,0.27,,,40.4,272.21,76.5,10,4.8,48.63,Rain
"Budapest, Magyarország",02/25/2020,17.4,0.8,8.7,-2.3,,0,,,20.3,193.75,34,10,2.8,60.52,Clear
"Budapest, Magyarország",02/26/2020,8.5,4.2,6.9,0.7,,9.8,,,21.7,281,28.8,9,23.2,78.29,Rain
"Budapest, Magyarország",02/27/2020,8.2,1.7,4.6,-1.7,,0,,,25.7,271.75,39.3,10,6.2,62.25,Clear
"Budapest, Magyarország",02/28/2020,7.5,2,4.4,-1.7,,2.74,,,37.3,266.21,57.6,10,22.7,70.7,Rain
"Budapest, Magyarország",02/29/2020,9.6,-2.7,4.2,-5.9,,0,,,24.7,180.79,46.1,10,0,63.06,Clear
"Budapest, Magyarország",03/01/2020,12.3,4.1,7.8,1.3,,0.83,,,16.9,178.63,32.4,10,16.6,64.53,Rain
"Budapest, Magyarország",03/02/2020,13.9,7.2,9.8,4,,13.12,,,28.2,186.58,43.2,9.2,18.1,75.82,Rain
"Budapest, Magyarország",03/03/2020,11.2,7.6,9.6,5.1,,5.96,,,14.9,164.04,32.4,10,21.3,85.33,Rain
"Budapest, Magyarország",03/04/2020,8.1,1.1,5.8,-1.3,,0.43,,,24.9,319.63,47.2,10,23.9,74.83,Rain
"Budapest, Magyarország",03/05/2020,10.1,-1.8,4.2,-4.5,,0,,,13.9,199.71,,9.9,1.7,67.54,Clear
"Budapest, Magyarország",03/06/2020,6.1,2.5,4.7,-0.9,,11.35,,,14.2,121.42,32.4,6.9,32.6,91.57,"Rain, Partially cloudy"
"Budapest, Magyarország",03/07/2020,10.1,2.2,6.4,0.9,,0.1,,,25.8,288.71,40,7.4,22.5,77,Rain
"Budapest, Magyarország",03/08/2020,9.9,1.3,6,-0.2,,0,,,18.2,294.38,39.6,10,7.4,67.48,Clear
"Budapest, Magyarország",03/09/2020,11.2,-3.1,4,-5,,0,,,8,218.29,,9.5,0.4,67.84,Clear
"Budapest, Magyarország",03/10/2020,13.4,0.7,6.6,-2.1,,0,,,17.7,295.08,,10,1.7,63.89,Clear
"Budapest, Magyarország",03/11/2020,16.1,4,9.9,3.7,,0.49,,,18.8,224.75,25.2,9.9,21.4,76.19,Rain
"Budapest, Magyarország",03/12/2020,20.4,7.8,14.1,6.7,,0.5,,,23.2,209.75,39.6,10,1.8,63.38,Rain
"Budapest, Magyarország",03/13/2020,11.7,5.2,8.8,3.2,,0,,,27.7,242.13,46.4,10,6.4,68.37,Clear
"Budapest, Magyarország",03/14/2020,11.5,-0.6,6.2,-2.5,,0,,,20.5,255.5,,10,0,55.69,Clear
"Budapest, Magyarország",03/15/2020,9.8,-1.9,3.4,-4,,0,,,14.5,71.25,33.5,10,0,39.95,Clear
"Budapest, Magyarország",03/16/2020,12.9,-2.2,5,-4.8,,0,,,22.5,128.63,39.6,10,0,46.42,Clear
"Budapest, Magyarország",03/17/2020,16.6,-2,7.5,-3.4,,0,,,8.7,189.63,,10,0.4,50.39,Clear
"Budapest, Magyarország",03/18/2020,18.9,1.4,10.2,0.3,,0,,,8.2,85.67,,9.9,0,57.98,Clear
"Budapest, Magyarország",03/19/2020,19.7,2.8,11.1,,,0,,,11.5,159.5,,10,0,58.47,Clear
"Budapest, Magyarország",03/20/2020,20.1,2.6,11.7,4.5,,0,,,10.5,115.25,,9.8,0,56.35,Clear
"Budapest, Magyarország",03/21/2020,14.9,3.9,8.1,0.6,,1.7,,,20.3,63.25,36,9.8,19.1,71.28,Rain
"Budapest, Magyarország",03/22/2020,6.5,-0.4,3.4,-4.2,,0.68,,,20,70.58,39.3,10,14.3,45.25,Rain
"Budapest, Magyarország",03/23/2020,1.9,-2.4,-0.3,-6.6,,0.2,,,24.2,106.21,51.8,7.2,28.3,73.8,"Rain, Partially cloudy"
"Budapest, Magyarország",03/24/2020,8,-0.2,3.7,-5.2,,0,,,27.2,55.79,44.6,10,8.2,42.6,Clear
"Budapest, Magyarország",03/25/2020,4.5,-0.5,2.4,-5.2,,0,,,20.6,75.29,36,10,29.7,55.96,Partially cloudy
"Budapest, Magyarország",03/26/2020,14,3.1,8.6,0.3,,0,,,20.5,68.5,32.4,10,8.7,40.35,Clear
"Budapest, Magyarország",03/27/2020,17.3,5.3,10.9,3.9,,0,,,14.4,77.58,25.2,10,6.5,45.62,Clear
"Budapest, Magyarország",03/28/2020,18,2.4,10.6,1.8,,0,,,16.8,182.33,28.8,10,4,54.08,Clear
"Budapest, Magyarország",03/29/2020,17.6,1.6,10.3,5,,0,,,23.5,259.52,32.4,10,0.8,57.97,Clear
"Budapest, Magyarország",03/30/2020,8.5,1.7,5,-0.9,,0,,,25.2,235.42,,9.9,18.2,58,Clear
"Budapest, Magyarország",03/31/2020,7.5,-0.9,3.2,-2.5,,0,,,13.9,213.71,28.8,10,6,40.74,Clear
"Budapest, Magyarország",04/01/2020,9,-2,3.5,-4.4,,0,,,13.4,121.79,25.2,10,0,38,Clear
"Budapest, Magyarország",04/02/2020,11.4,-4.9,4.2,-3.9,,0.8,,,14.5,161.21,28.8,10,0,43.05,Rain
"Budapest, Magyarország",04/03/2020,15.9,-2.1,7.2,-3.9,,0,,,19.3,207.58,25.2,10,0,50.75,Clear
"Budapest, Magyarország",04/04/2020,16.4,3.9,9.9,0.9,,0,,,15.3,157.46,,10,0.4,44.81,Clear
"Budapest, Magyarország",04/05/2020,18.3,4.2,11.7,1.4,,0,,,18.6,149.17,32.4,10,0,37.35,Clear
"Budapest, Magyarország",04/06/2020,18.1,6.3,12.4,4.4,,0,,,22.1,115.5,32.4,10,0,32.75,Clear
"Budapest, Magyarország",04/07/2020,19.6,2.5,11,1.5,,0,,,9.3,166.33,,10,0,38.12,Clear
"Budapest, Magyarország",04/08/2020,21.2,0.3,11.6,,,0,,,8.4,220.38,,10,0,38.2,Clear
"Budapest, Magyarország",04/09/2020,22.5,1.5,13.1,5.8,,0,,,15.5,197.92,28.8,10,0,38.46,Clear
"Budapest, Magyarország",04/10/2020,20.1,8.9,14.8,7.9,,0,,,21.5,311.75,33.5,10,0,37.47,Clear
"Budapest, Magyarország",04/11/2020,19.9,4.4,12.8,2.6,,0,,,16.5,179.04,,10,1.2,39.63,Clear
"Budapest, Magyarország",04/12/2020,21.5,3.7,13.7,4.3,,0,,,15.4,123.83,29.8,10,0.8,44.27,Clear
"Budapest, Magyarország",04/13/2020,23.3,9,15.5,8.5,,3.5,,,26.8,206.71,65.7,10,11.2,45.44,Rain
"Budapest, Magyarország",04/14/2020,12.9,3.8,8.4,1.4,,2.91,,,28.7,323,36,10,14,51.87,Rain
"Budapest, Magyarország",04/15/2020,13.9,-2.6,7,-3.2,,0,,,20.2,261.54,31.7,10,0,47.75,Clear
"Budapest, Magyarország",04/16/2020,20.9,0.5,11.5,-1.2,,0,,,16.1,198.29,28.8,10,0.2,48.73,Clear
"Budapest, Magyarország",04/17/2020,24.8,6,15.9,9,,0,,,22.7,213.29,32.4,10,6.1,45.4,Clear
"Budapest, Magyarország",04/18/2020,22.8,11.3,16.3,,,0,,,15,139.17,25.2,10,6.4,45.36,Clear
"Budapest, Magyarország",04/19/2020,16.6,9,14.4,7.8,,2,,,13.8,58.42,,10,13.5,49.56,Rain
"Budapest, Magyarország",04/20/2020,16.6,5.8,11.5,4.1,,0,,,20.8,68.88,42.5,10,0,36.83,Clear
"Budapest, Magyarország",04/21/2020,17.8,5,11.9,3.4,,0.55,,,23.3,66.71,46.4,10,0,35.32,Rain
"Budapest, Magyarország",04/22/2020,18.4,3.8,11.9,2,,0,,,11.6,108.25,,10,0,36.06,Clear
"Budapest, Magyarország",04/23/2020,19.9,6.5,13.3,4.5,,0,,,11.1,143.25,25.2,10,0,38.53,Clear
"Budapest, Magyarország",04/24/2020,23,2.9,13.7,6.7,,0,,,18.4,169.88,32.4,10,0.8,46.5,Clear
"Budapest, Magyarország",04/25/2020,21.7,7,14.7,7,,0,,,40.8,247.33,64.8,10,6.5,44,Clear
"Budapest, Magyarország",04/26/2020,16.9,4.6,11.4,7.8,,0,,,14.6,234.42,25.2,10,7.8,47.26,Clear
"Budapest, Magyarország",04/27/2020,20.4,3,12.9,1.8,,0,,,12.6,138.63,28.8,10,1.1,49.31,Clear
"Budapest, Magyarország",04/28/2020,23.8,9.9,17.6,9.2,,1.5,,,17.6,167.25,25.2,10,7.5,53.11,Rain
"Budapest, Magyarország",04/29/2020,20.2,10.6,15.4,,,8.39,,,20.6,219.42,28.8,9.9,14,71.78,Rain
"Budapest, Magyarország",04/30/2020,22.5,12.3,17,,,0,,,20,281.92,32.4,10,9.9,60.97,Clear
"Budapest, Magyarország",05/01/2020,18.3,11.4,14.1,,,4.35,,,16.9,204.58,,9.8,18.7,73.06,Rain
"Budapest, Magyarország",05/02/2020,20.2,9.1,14.3,8.6,,0,,,20.1,245.96,32.4,10,15.5,62.85,Clear
"Budapest, Magyarország",05/03/2020,17.2,10.2,13.3,,,0,,,30.2,319.21,43.2,10,1.5,51.42,Clear
"Budapest, Magyarország",05/04/2020,18.9,6.3,13.1,5.4,,0,,,16.6,314.33,25.2,10,0.6,50.12,Clear
"Budapest, Magyarország",05/05/2020,18.3,7.2,12.9,7.7,,3.27,,,21.4,234.5,36,10,11.1,59.62,Rain
"Budapest, Magyarország",05/06/2020,14.4,7,11.3,3.6,,0.1,,,33.6,316.92,53.6,10,12.4,52.07,Rain
"Budapest, Magyarország",05/07/2020,19.9,10,14.9,7.5,,0,,,27.8,294.96,55.4,10,6.6,41.98,Clear
"Budapest, Magyarország",05/08/2020,21.9,4,14.1,9.4,,0,,,12.5,183.58,,10,2.9,51.49,Clear
"Budapest, Magyarország",05/09/2020,25.5,9.1,18.1,,,0,,,10.9,64.33,,10,4.6,48.18,Clear
"Budapest, Magyarország",05/10/2020,25.9,11.3,19.3,,,0,,,18.5,139.92,32.4,10,1.7,45.94,Clear
"Budapest, Magyarország",05/11/2020,25.2,12,19.8,,,0,,,26.7,181.46,53.6,10,2.1,49.88,Clear
"Budapest, Magyarország",05/12/2020,18.4,4.7,11.5,4.3,,0.1,,,28.7,293.46,43.2,10,15.5,51.35,Rain
"Budapest, Magyarország",05/13/2020,16,2.7,8.7,0.9,,0.55,,,16,77.46,25.2,9.9,19.7,72.16,Rain
"Budapest, Magyarország",05/14/2020,19.9,7.7,14.2,6.8,,0,,,23.7,208.79,28.8,10,10,64.75,Clear
"Budapest, Magyarország",05/15/2020,19.6,9.3,13.1,7.5,,0.83,,,24.9,175.63,28.8,10,25.6,68.06,"Rain, Partially cloudy"
"Budapest, Magyarország",05/16/2020,19.3,6.2,13.7,6.8,,0,,,12.3,241.79,,10,9.8,58.48,Clear
"Budapest, Magyarország",05/17/2020,19.9,11.3,14.3,,,2.94,,,10.3,213.17,,9.2,23.2,75.67,Rain
"Budapest, Magyarország",05/18/2020,24.6,8.5,17.4,8.6,,0,,,12.3,218.5,25.2,8.6,3.8,63.67,Clear
"Budapest, Magyarország",05/19/2020,24.5,10.7,18.2,,,0.1,,,18.3,199.63,,9.9,8.4,62.49,Rain
"Budapest, Magyarország",05/20/2020,20.2,15.3,17.6,,,0.76,,,13.2,166.92,,10,20.2,63.49,Rain
"Budapest, Magyarország",05/21/2020,20.2,8,15.5,6.9,,0,,,18.7,209.17,32.4,10,3.4,43.19,Clear
"Budapest, Magyarország",05/22/2020,21.4,4.4,14.4,3.1,,0,,,14.4,235.88,,10,1.1,35.68,Clear
"Budapest, Magyarország",05/23/2020,19.9,11.7,16.7,,,0.3,,,11.2,160.13,,10,9.5,38.68,Rain
"Budapest, Magyarország",05/24/2020,19.7,12,15.8,,,5.25,,,30.7,297.96,61.2,10,21.6,61.13,Rain
"Budapest, Magyarország",05/25/2020,17.9,9.4,14.2,7.7,,4.3,,,22.8,295.54,36,10,14.9,63.27,Rain
"Budapest, Magyarország",05/26/2020,18.4,9.8,14.3,8.4,,4.6,,,16.3,271.25,36,10,16.3,64.72,Rain
"Budapest, Magyarország",05/27/2020,20.4,10.9,15.4,,,2.93,,,18,273.29,42.5,10,16.7,63.54,Rain
"Budapest, Magyarország",05/28/2020,20.1,12.2,15.6,,,1.85,,,16.2,276.5,28.8,10,9.8,65.33,Rain
"Budapest, Magyarország",05/29/2020,18.7,11.4,15,,,2.78,,,18.1,306.08,,10,15.2,67.47,Rain
"Budapest, Magyarország",05/30/2020,17.7,10.9,13.9,,,2.1,,,15.1,246.79,28.8,10,14.9,65.98,Rain
"Budapest, Magyarország",05/31/2020,14.2,9.5,12.2,8.8,,0.82,,,28,312.13,43.2,10,22.5,74.6,Rain
"Budapest, Magyarország",06/01/2020,22.2,12,16.8,,,0.21,,,16.5,201.83,28.8,10,15.4,65.67,Rain
"Budapest, Magyarország",06/02/2020,19.7,10.5,16.2,,,0,,,21.3,200.29,25.2,10,7.7,54.52,Clear
"Budapest, Magyarország",06/03/2020,21.3,7.7,16,8.7,,0,,,22.5,212.46,25.2,10,9.3,61.31,Clear
"Budapest, Magyarország",06/04/2020,25,9.9,18.3,,,0.56,,,27.7,194.04,32.4,10,11.2,65.28,Rain
"Budapest, Magyarország",06/05/2020,23,15.9,18.7,,,4.36,,,23.6,182.79,28.8,10,20.4,72.7,Rain
"Budapest, Magyarország",06/06/2020,26,15,20.2,,,1.72,,,13,152.63,28.8,8.7,23.3,72.69,Rain
"Budapest, Magyarország",06/07/2020,27.6,16.6,22.1,,27.6,17.17,,,15.1,127.88,52,10,13.6,66.3,Rain
"Budapest, Magyarország",06/08/2020,23.4,15,18.7,,,21,,,16.2,295.25,28.8,9.9,22.3,77.61,Rain
"Budapest, Magyarország",06/09/2020,23.9,14.4,18.7,,,12.14,,,9.6,195.33,,10,26,79.13,"Rain, Partially cloudy"
"Budapest, Magyarország",06/10/2020,21.6,16.1,18.4,,,7.97,,,9.5,117.88,,9.2,25.8,86.02,"Rain, Partially cloudy"
"Budapest, Magyarország",06/11/2020,22.9,13.4,18.6,,,0.2,,,10.6,100.67,,10,10,81.08,Rain
"Budapest, Magyarország",06/12/2020,26.4,14.8,20.7,,,0,,,8.9,284,,10,22.3,71.97,Clear
"Budapest, Magyarország",06/13/2020,29,17.3,23.5,,29.4,1.24,,,12.7,268.83,,10,8.8,66.13,Rain
"Budapest, Magyarország",06/14/2020,27.7,17.6,20.8,,28.8,19.23,,,20.5,215.21,34.4,9.5,14.6,82.44,Rain
"Budapest, Magyarország",06/15/2020,23.4,16.5,19.6,,,4.36,,,8.9,282,25.2,8.7,29.6,86.14,"Rain, Partially cloudy"
"Budapest, Magyarország",06/16/2020,23,16.4,19,,,25.77,,,15.2,169.58,25.2,8.6,32.9,90.22,"Rain, Partially cloudy"
"Budapest, Magyarország",06/17/2020,24.7,17.3,19.9,,,14.73,,,14.3,283.04,,9.7,25.4,87.65,"Rain, Partially cloudy"
"Budapest, Magyarország",06/18/2020,21.5,17.1,19.1,,,28.68,,,19.9,224.33,32.4,9.3,29,86.54,"Rain, Partially cloudy"
"Budapest, Magyarország",06/19/2020,21.5,17,19.2,,,0,,,19.2,283.21,31.3,10,23.8,75.31,Clear
"Budapest, Magyarország",06/20/2020,19.3,16,17.4,,,0,,,22.2,301.83,39.6,10,25,79.2,Clear
"Budapest, Magyarország",06/21/2020,21.6,14.9,18.4,,,2.69,,,19.6,305.25,32.5,9.8,24.2,83.48,Rain
"Budapest, Magyarország",06/22/2020,23.8,17.8,20.2,,,0.4,,,28.3,320.5,32.4,10,7.6,75.47,Rain
"Budapest, Magyarország",06/23/2020,25.8,18.8,21.9,,,0.2,,,22.1,321.42,48.2,10,8.7,54.98,Rain
"Budapest, Magyarország",06/24/2020,25,17.1,20.7,,,0,,,11.3,297.29,26.7,10,0,53.91,Clear
"Budapest, Magyarország",06/25/2020,26.2,14.3,21.1,,,0,,,9.4,145.88,,10,0.6,65.77,Clear
"Budapest, Magyarország",06/26/2020,28.5,16.5,22.3,,29.1,1.35,,,19.7,145.42,28.8,10,7.2,72.61,Rain
"Budapest, Magyarország",06/27/2020,31,18.7,24.8,,31.4,0,,,13.8,139.38,25.2,10,4.4,67.61,Clear
"Budapest, Magyarország",06/28/2020,32.1,18.2,25.8,,32.8,0,,,20.1,148.21,44.6,9.8,6.2,66.3,Clear
"Budapest, Magyarország",06/29/2020,31,18.3,23.2,,31.8,10.07,,,27.5,190.43,53.6,9.8,8.9,74.22,Rain
"Budapest, Magyarország",06/30/2020,27.4,16.6,22.1,,27.4,0,,,14.4,271.42,28.8,10,3,64.65,Clear
"Budapest, Magyarország",07/01/2020,31,16.6,24.3,,31.1,0,,,12.2,143.08,25.2,10,0.5,64.05,Clear
"Budapest, Magyarország",07/02/2020,30.3,20,24.9,,31.3,13.9,,,10.1,166.5,,10,8.6,68.5,Rain
"Budapest, Magyarország",07/03/2020,26.1,19.1,22.6,,,0,,,23.7,275.67,39.6,9.8,10.1,72.77,Clear
"Budapest, Magyarország",07/04/2020,27,18.2,22.5,,27.4,0,,,9.9,303.29,,10,14,64.94,Clear
"Budapest, Magyarország",07/05/2020,29.4,15.5,23.5,,28.5,0,,,15.6,314.42,28.8,10,0.5,53.43,Clear
"Budapest, Magyarország",07/06/2020,31.1,16.7,24.8,,30.2,0,,,29,257.79,50.4,10,3.5,59.51,Clear
"Budapest, Magyarország",07/07/2020,22.4,14.2,18.9,,,5.8,,,30.2,316.38,55.4,10,16.2,60.46,Rain
"Budapest, Magyarország",07/08/2020,25.3,10.4,18.9,,,0,,,11.5,264.21,25.2,10,0,55.94,Clear
"Budapest, Magyarország",07/09/2020,29.4,16.6,22.9,,28.9,0,,,12,213.54,25.2,10.7,1.4,57.22,Clear
"Budapest, Magyarország",07/10/2020,32.6,16.3,25.3,,31.7,0,,,15.1,136.08,35.3,10.6,0.1,54.13,Clear
"Budapest, Magyarország",07/11/2020,31.8,18,23.8,,31.6,0.4,,,26.2,183.04,50.1,10.6,1.8,57.63,Rain
"Budapest, Magyarország",07/12/2020,20.9,13.6,16.8,,,5.58,,,15.8,179.46,25.2,10.6,10.6,75.81,Rain
"Budapest, Magyarország",07/13/2020,23.2,11.5,17.7,,,0.1,,,7.9,137.96,,10.7,1,61.48,Rain
"Budapest, Magyarország",07/14/2020,23.9,10.9,18,,,0.2,,,11.1,72.88,,10.6,0.7,57.38,Rain
"Budapest, Magyarország",07/15/2020,25.8,11.5,19.3,,,0,,,7,123.83,,10.6,1.1,58.47,Clear
"Budapest, Magyarország",07/16/2020,24.1,13.8,19.3,,,0.1,,,14,259.13,32.4,10.6,3.3,65.42,Rain
"Budapest, Magyarország",07/17/2020,19.5,15,16.9,,,7.31,,,12.7,232.79,28.8,10,8.5,81.7,Rain
"Budapest, Magyarország",07/18/2020,21,14.2,17.2,,,4.29,,,7.9,158.04,,10.3,9.8,81.19,Rain
"Budapest, Magyarország",07/19/2020,21.5,14.2,17.5,,,5.86,,,11.2,147.88,,10.2,6.1,89.96,Rain
"Budapest, Magyarország",07/20/2020,28.3,14.9,21.7,,28.4,3.85,,,10.9,218.46,25.2,12,5,72.15,Rain
"Budapest, Magyarország",07/21/2020,30.2,15.8,23.7,,29.8,0.5,,,8.6,206.83,38.9,10.6,2.4,66.14,Rain
"Budapest, Magyarország",07/22/2020,27.3,17.2,22.5,,27.9,3.5,,,10.5,168.13,,10.4,2.8,73.47,Rain
"Budapest, Magyarország",07/23/2020,27.3,17.6,22.2,,27.3,0.68,,,9.8,112.92,32.4,10.6,2.6,67.18,Rain
"Budapest, Magyarország",07/24/2020,27.6,16.2,20.9,,27.7,3.29,,,14,144.75,36,10.2,4.6,75.89,Rain
"Budapest, Magyarország",07/25/2020,23.2,17.1,19.6,,,33.73,,,14.8,205.29,25.2,9.9,8,84.36,Rain
"Budapest, Magyarország",07/26/2020,27.1,16.2,21.9,,27.7,0.6,,,11.7,142.96,32.4,10.6,6.2,73.88,Rain
"Budapest, Magyarország",07/27/2020,29.4,17.4,23.2,,29.1,0.98,,,13,292.46,25.2,10.4,2.2,66.47,Rain
"Budapest, Magyarország",07/28/2020,31.3,15.7,24.4,,31.9,0.1,,,13.4,150.21,25.2,10.6,0.2,63.14,Rain
"Budapest, Magyarország",07/29/2020,31,20.8,25.9,,31.9,1.53,,,12.2,169.33,25.2,10.6,1.7,61.47,Rain
"Budapest, Magyarország",07/30/2020,31.8,20.8,26.3,,32.7,0.1,,,14.6,239.13,25.2,10.9,0.6,57.74,Rain
"Budapest, Magyarország",07/31/2020,32,17.9,25.7,,31.7,0.1,,,16.3,242.13,36,10.6,0.1,48.77,Rain
"Budapest, Magyarország",08/01/2020,29.4,15.7,23.9,,28,0.1,,,12.7,151.79,31.8,10.7,0,45.94,Rain
"Budapest, Magyarország",08/02/2020,28.4,15,22.4,,27.8,0.2,,,11.4,103.25,,10.6,0.7,53.14,Rain
"Budapest, Magyarország",08/03/2020,28.6,17.8,22.8,,28.5,3.9,,,14.4,105.96,28.8,10.4,2.7,58.14,Rain
"Budapest, Magyarország",08/04/2020,28.3,19.3,22.9,,29.1,16.48,,,12.3,167.38,32.4,10.1,9.1,78.17,Rain
"Budapest, Magyarország",08/05/2020,24.3,17.1,20.9,,,2.64,,,11,260.21,39.6,10.5,9.8,82.35,Rain
"Budapest, Magyarország",08/06/2020,29.8,18.8,24.1,,29.6,0,,,13.1,147.38,28.8,10.6,4.5,65.5,Clear
"Budapest, Magyarország",08/07/2020,31.4,19.9,25.9,,30.9,0,,,14.8,121.04,28.8,10.6,0.6,53.34,Clear
"Budapest, Magyarország",08/08/2020,32.7,20.3,25.9,,32.7,0.2,,,11.9,172.88,25.2,10.6,1.4,59.19,Rain
"Budapest, Magyarország",08/09/2020,32.3,19.5,25.2,,32.8,3,,,11,121.08,40.7,10.6,2.2,68.76,Rain
"Budapest, Magyarország",08/10/2020,31.8,19.7,25.1,,31.5,6.3,,,11.9,185.67,42.5,10.6,4.2,66.2,Rain
"Budapest, Magyarország",08/11/2020,28.8,19.5,22.7,,29.5,19.11,,,13.3,149.5,25.2,10.4,4.9,77.9,Rain
"Budapest, Magyarország",08/12/2020,30.4,17.9,23.9,,29.9,0.2,,,8.4,218.92,,10.5,0.6,64.67,Rain
"Budapest, Magyarország",08/13/2020,30.5,16.8,24,,30.1,0.2,,,11.8,114.74,,10.6,0.5,59.48,Rain
"Budapest, Magyarország",08/14/2020,27.4,19.8,23.1,,27.8,0.92,,,8.6,200.96,,10.8,2,67.6,Rain
"Budapest, Magyarország",08/15/2020,29,18.5,21.9,,29.4,17.23,,,23.2,178.5,32.4,10.5,3.2,77.53,Rain
"Budapest, Magyarország",08/16/2020,27.7,18.3,22,,28.2,9.93,,,7.4,167.58,25.2,10.3,3.7,79.22,Rain
"Budapest, Magyarország",08/17/2020,27.9,18,22.3,,28.7,26.4,,,16.1,133.13,39.6,10.4,8.7,78.86,Rain
"Budapest, Magyarország",08/18/2020,23.9,17.7,20.4,,,14.01,,,8.6,274.71,,8.8,9.3,87.5,Rain
"Budapest, Magyarország",08/19/2020,25.3,18.3,21.6,,,1.1,,,22.7,305.79,36,10.5,5.6,72.53,Rain
"Budapest, Magyarország",08/20/2020,28,16.2,22.1,,27.9,0.2,,,12.3,302.63,25.2,10.6,0.9,67,Rain
"Budapest, Magyarország",08/21/2020,29.8,15.3,22.7,,29.4,0.2,,,10,171.3,29.5,10.6,1,67.78,Rain
"Budapest, Magyarország",08/22/2020,31,16.8,24.1,,30.9,0.1,,,10.6,109.75,25.2,10.6,0.4,64.53,Rain
"Budapest, Magyarország",08/23/2020,26.9,18.6,22.9,,27.1,0.57,,,19.9,312.04,36,10.6,2.5,67.6,Rain
"Budapest, Magyarország",08/24/2020,26.6,15.2,21.4,,,0.2,,,13.4,300.83,25.2,10.6,1.1,59.42,Rain
"Budapest, Magyarország",08/25/2020,26.1,15.8,21.9,,,0,,,16.6,298.92,32.4,10.8,0.3,52.22,Clear
"Budapest, Magyarország",08/26/2020,30.1,12.2,21.3,,29.4,0.1,,,16.8,174.83,50.4,10.6,0.7,61.75,Rain
"Budapest, Magyarország",08/27/2020,25.7,18.9,22.5,,,0,,,30.7,301.71,46.8,10.6,0.9,44.69,Clear
"Budapest, Magyarország",08/28/2020,28.7,12.9,21.1,,28,0,,,13.1,117.33,25.2,10.6,0.5,57.01,Clear
"Budapest, Magyarország",08/29/2020,33.1,17.6,24.9,,33.5,0,,,13,117.33,28.8,13.6,1.2,57.32,Clear
"Budapest, Magyarország",08/30/2020,34,18.9,26.3,,33.3,0,,,14.7,150.04,46.8,17,1,56.09,Clear
"Budapest, Magyarország",08/31/2020,23.9,16.1,20.7,,,0,,,18.5,281.75,41.4,17.1,2.5,60.56,Clear
"Budapest, Magyarország",09/01/2020,20,14.8,16.4,,,19.65,,,29.9,224,32.4,9.9,15.4,86.39,Rain
"Budapest, Magyarország",09/02/2020,21.2,12.3,16.5,,,0,,,19.9,291.5,28.8,10.6,8.4,67.61,Clear
"Budapest, Magyarország",09/03/2020,22.4,9.8,16.5,,,0.2,,,13.1,268.5,25.2,10.6,2.4,69.5,Rain
"Budapest, Magyarország",09/04/2020,25.1,11.1,18.7,,,0,,,15.7,285.75,25.2,10.6,0.1,61.11,Clear
"Budapest, Magyarország",09/05/2020,27.3,12.7,20.3,,27.5,0.1,,,9,155.54,,10.6,0.9,70.81,Rain
"Budapest, Magyarország",09/06/2020,28.1,14,21.7,,28,0.5,,,9.1,199.92,,20,1.8,67.91,Rain
"Budapest, Magyarország",09/07/2020,24.7,16.4,20.4,,,0.1,,,16.1,303.92,28.8,10.6,3.3,70.17,Rain
"Budapest, Magyarország",09/08/2020,24.2,12.5,18,,,0,,,11,287.63,,10.5,6.6,64.36,Clear
"Budapest, Magyarország",09/09/2020,26,8.2,17.6,,,0.1,,,7.5,187.79,,10.7,0,62.26,Rain
"Budapest, Magyarország",09/10/2020,27.3,12,19.8,,26.9,0.1,,,11.5,211.08,25.2,10.6,1,64,Rain
"Budapest, Magyarország",09/11/2020,27.3,14.9,21.1,,27.3,0,,,11.3,64.83,,10.5,1.1,63.35,Clear
"Budapest, Magyarország",09/12/2020,28.8,14.3,21.6,,27.9,0.4,,,6.9,175.08,,10.5,0.7,60.76,Rain
"Budapest, Magyarország",09/13/2020,29.4,15.3,22.3,,28.8,0.3,,,11,300.42,25.2,10.5,0.5,60.22,Rain
"Budapest, Magyarország",09/14/2020,29.8,15.7,22.5,,29,0.5,,,12.7,137.25,,11.3,0.1,61.24,Rain
"Budapest, Magyarország",09/15/2020,30.7,15.7,23,,30.1,0.1,,,13.4,114.54,,10.6,0,61.02,Rain
"Budapest, Magyarország",09/16/2020,29.4,16.2,23.1,,28.8,0.3,,,11.8,99.58,25.2,10.5,0.8,61.35,Rain
"Budapest, Magyarország",09/17/2020,29.6,16.6,22.6,,28.7,9.6,,,15.9,200.21,25.2,10.4,3.9,62.15,Rain
"Budapest, Magyarország",09/18/2020,23.3,11.1,17.6,,,0,,,10.7,114,,10.5,9,46.92,Clear
"Budapest, Magyarország",09/19/2020,22.2,7.8,14.7,8,,0.2,,,11.2,126.79,,10.6,0.6,53.34,Rain
"Budapest, Magyarország",09/20/2020,23.9,10.6,16.9,,,0.2,,,8.2,87.25,,10.6,0.3,52.74,Rain
"Budapest, Magyarország",09/21/2020,25.8,10.2,18.7,,,0.3,,,17.1,94.25,32.4,10.6,0.2,51.92,Rain
"Budapest, Magyarország",09/22/2020,27,11,19.5,,26.5,0.4,,,15.9,84.92,28.8,10.6,0.1,54.04,Rain
"Budapest, Magyarország",09/23/2020,26,14.5,20.1,,,0.49,,,12.1,118.21,25.2,10.6,1.8,62.43,Rain
"Budapest, Magyarország",09/24/2020,25,12.8,18.4,,,0.4,,,10.8,178.42,,10.3,3.8,76.55,Rain
"Budapest, Magyarország",09/25/2020,23.7,14.8,18.9,,,0.48,,,21.5,122.79,32.4,10.4,2.9,72.93,Rain
"Budapest, Magyarország",09/26/2020,16.1,8.9,11.9,7.1,,24.77,,,15.5,254.96,50,10.4,14.1,83.88,Rain
"Budapest, Magyarország",09/27/2020,17.1,6.7,11.5,5.7,,0,,,15.7,217.88,28.8,10.6,5.9,67.32,Clear
"Budapest, Magyarország",09/28/2020,17.8,10.7,13.3,,,8.55,,,20,104,36,9.6,8.4,79.72,Rain
"Budapest, Magyarország",09/29/2020,15.1,11,13,,,0.3,,,18.6,280.25,32.4,9,19.3,81.91,Rain
"Budapest, Magyarország",09/30/2020,16.4,11.6,13.9,,,1.96,,,26.5,301.79,39.6,10.1,15.1,81.88,Rain
"Budapest, Magyarország",10/01/2020,14.8,13,13.8,,,1.48,,,23.3,267.33,36,10.1,15.7,84.83,Rain
"Budapest, Magyarország",10/02/2020,21.6,10.6,15.4,,,0.26,,,14.8,128.08,,8.3,8.9,82.64,Rain
"Budapest, Magyarország",10/03/2020,26.5,13.4,19.5,,,0,,,20.4,115.71,36,10.6,2.6,68.3,Clear
"Budapest, Magyarország",10/04/2020,22,13.1,18.5,,,6.86,,1,23.5,158.46,39.6,10.3,4.9,65.96,Rain
"Budapest, Magyarország",10/05/2020,21.4,10.6,15.3,,,0.1,,,15.9,115.21,28.8,10.3,6.7,75.74,Rain
"Budapest, Magyarország",10/06/2020,21.2,10.2,14.8,,,0,,,12.3,152.04,,10.4,3.4,73.99,Clear
"Budapest, Magyarország",10/07/2020,15.2,10.8,12.6,,,7.18,,,12.3,182.88,,9.5,9,86.03,Rain
"Budapest, Magyarország",10/08/2020,18.1,10.5,13.7,,,0.88,,,22.1,311.92,45.3,10.6,3.1,72.14,Rain
"Budapest, Magyarország",10/09/2020,20.6,6.1,12.6,7.9,,0,,,8.6,246.13,,10.5,0.6,75.79,Clear
"Budapest, Magyarország",10/10/2020,20.1,9.3,14.1,,,0,,,6.8,150.13,,10.4,3.1,79.81,Clear
"Budapest, Magyarország",10/11/2020,14.3,11.3,12.8,,,1.37,,,12.7,246.33,25.2,10.1,20.6,86.45,Rain
"Budapest, Magyarország",10/12/2020,12,7.4,9.4,4.9,,19.03,,,18,239.13,28.8,8.7,24.2,92.86,Rain
"Budapest, Magyarország",10/13/2020,8,5,7.1,0.8,,35.35,,,22.5,301,50.4,8.3,28.3,96.19,"Rain, Partially cloudy"
"Budapest, Magyarország",10/14/2020,12,5.1,7.9,1.3,,15.22,,,19,193.42,32.4,10,18.9,90.37,Rain
"Budapest, Magyarország",10/15/2020,10.4,4.3,8,2.7,,4.04,,,10.9,48.83,,10.1,16.7,91.59,Rain
"Budapest, Magyarország",10/16/2020,10.5,7.6,9.4,6.1,,13.75,,,11.5,179.58,,7.2,28.3,94.72,"Rain, Partially cloudy"
"Budapest, Magyarország",10/17/2020,8.9,6.9,7.9,5.4,,4.33,,,16.9,253.96,25.2,9.6,25.4,91.33,"Rain, Partially cloudy"
"Budapest, Magyarország",10/18/2020,11.9,6.4,8.6,3.2,,0,,,18.4,284.63,25.2,10.4,18.6,76.29,Clear
"Budapest, Magyarország",10/19/2020,11.6,1.8,7.4,5.4,,0.1,,,5.9,179.96,,10.2,10.2,85.09,Rain
"Budapest, Magyarország",10/20/2020,15.1,5.4,9.5,4.4,,0.1,,,17.8,126.04,25.2,10.4,5.3,71.16,Rain
"Budapest, Magyarország",10/21/2020,17.1,4.7,10.2,2.6,,0,,,16.5,122.13,25.2,10.4,8.1,75.51,Clear
"Budapest, Magyarország",10/22/2020,16.9,5.8,10.6,5.1,,0,,,8.8,121.04,,9.3,3,81.72,Clear
"Budapest, Magyarország",10/23/2020,15.3,4.9,9.7,5,,0,,,9,140.21,,6,9.2,91.19,Clear
"Budapest, Magyarország",10/24/2020,14,7.8,10.6,,,0.9,,,8.9,251.25,,4.3,4.4,94.29,Rain
"Budapest, Magyarország",10/25/2020,13.2,11.5,12.5,,,10.35,,,8.6,143.2,,4.6,28.3,97.92,"Rain, Partially cloudy"
"Budapest, Magyarország",10/26/2020,17.6,11.3,13.4,,,0.6,,,17.6,144.63,28.8,7.7,19.2,88.81,Rain
"Budapest, Magyarország",10/27/2020,17.6,9.2,12.5,8.9,,0,,,12.1,89.29,,9.3,2.5,87.71,Clear
"Budapest, Magyarország",10/28/2020,17,7.8,11.3,7.5,,0,,,7.9,155.96,,6.9,2.3,89.75,Clear
"Budapest, Magyarország",10/29/2020,14.7,5.7,9.4,5.9,,2.55,,,17.1,205.91,28.8,5.4,14.3,92.08,Rain
"Budapest, Magyarország",10/30/2020,11.9,6.1,9.3,4,,2.66,,,18,257.92,28.8,8.4,15.7,87.52,Rain
"Budapest, Magyarország",10/31/2020,14.8,7.1,12.1,6.4,,0.67,,,28.4,227.67,53.6,10.5,24.8,86.13,Rain
"Budapest, Magyarország",11/01/2020,11.7,3.3,7.9,2.5,,0.23,,,6.3,110.96,,9.4,20.2,86.45,Rain
"Budapest, Magyarország",11/02/2020,11.9,8.9,10.5,8.5,,5.99,,,7.9,139.5,,4,26.9,97.06,"Rain, Partially cloudy"
"Budapest, Magyarország",11/03/2020,13.9,9.5,11.3,,,0.1,,,5.5,49.13,,4.3,25.2,96.66,"Rain, Partially cloudy"
"Budapest, Magyarország",11/04/2020,14.5,10.5,12.1,,,3.15,,0,14.6,238.33,,5.4,31,95.35,"Rain, Partially cloudy"
"Budapest, Magyarország",11/05/2020,12.3,5,10.1,7.7,,10.31,,,9.6,191.33,,6.9,21.5,93.59,Rain
"Budapest, Magyarország",11/06/2020,11.7,3.6,6.4,2.8,,0.1,,,7.1,222.46,,5.3,12.2,87.83,Rain
"Budapest, Magyarország",11/07/2020,13.3,1.9,6.3,2.9,,0,,,7.1,115.92,,7.2,0.1,85.5,Clear
"Budapest, Magyarország",11/08/2020,11.4,2.4,5.5,0.9,,0,,,6.8,94,,3.8,10.3,92.77,Clear
"Budapest, Magyarország",11/09/2020,12,0.7,5.4,2.9,,0,,,8.1,300.46,,5,1.2,90.69,Clear
"Budapest, Magyarország",11/10/2020,5.7,4,4.7,2.4,,0.2,,,10.8,132.04,,1.3,31.4,98.78,"Rain, Partially cloudy"
"Budapest, Magyarország",11/11/2020,6,3.9,5,2.6,,0.3,,,8.8,81.63,,5,28.5,96.96,"Rain, Partially cloudy"
"Budapest, Magyarország",11/12/2020,6.8,5.1,6,3.1,,0.8,,,8.9,97.13,,8.2,24.1,95.28,Rain
"Budapest, Magyarország",11/13/2020,8.6,5.9,7,6.4,,0.6,,,5.6,168.08,,6.6,27,91.45,"Rain, Partially cloudy"
"Budapest, Magyarország",11/14/2020,8.1,6.8,7.4,5.3,,0,,,8,148.88,,7.3,28.5,89.16,Partially cloudy
"Budapest, Magyarország",11/15/2020,8.8,6.1,7.4,4,,0,,,10.8,130.54,,7,31.4,88.42,Partially cloudy
"Budapest, Magyarország",11/16/2020,7.1,5.8,6.3,2.9,,0.2,,,13.9,158.67,28.8,5.3,31.2,90.96,"Rain, Partially cloudy"
"Budapest, Magyarország",11/17/2020,13.1,2.1,7.4,5,,0.29,,,7.8,259.08,,7,4.1,88.13,Rain
"Budapest, Magyarország",11/18/2020,13,0,5.9,3.9,,0,,,9.5,121.63,,4.8,11.2,89.09,Clear
"Budapest, Magyarország",11/19/2020,8.5,5,6.8,2.4,,0,,,11.2,133.79,,5.7,27.7,93.05,Partially cloudy
"Budapest, Magyarország",11/20/2020,9,2.5,6.6,-0.1,,2.99,,,17.7,325.92,32.4,9,21.1,77.36,Rain
"Budapest, Magyarország",11/21/2020,7.5,-3.3,1.7,-4.5,,0,,,11.8,278.63,,10.1,0,62.82,Clear
"Budapest, Magyarország",11/22/2020,4,-5.4,-1.1,-7.2,,0,,,12,115.33,,7.4,11.2,89.15,Clear
"Budapest, Magyarország",11/23/2020,3.6,-1.4,1.4,-3.1,,0.7,,,8.1,173.58,,5,7.9,92.65,Rain
"Budapest, Magyarország",11/24/2020,1.9,-1.1,-0.3,-3.2,,0.1,,,9.8,157.5,,0.8,22.1,98.47,Rain
"Budapest, Magyarország",11/25/2020,1.8,-0.1,1,-2.7,,0,,,9.3,128.63,,3.9,28.5,96.65,Partially cloudy
"Budapest, Magyarország",11/26/2020,2.8,1.8,2.3,0.4,,0,,,5.9,158.29,,4.8,26.3,88.22,Partially cloudy
"Budapest, Magyarország",11/27/2020,2.1,0.7,1.7,-1,,0.2,,,8.2,257,,4.5,26.2,94.5,"Rain, Partially cloudy"
"Budapest, Magyarország",11/28/2020,1.9,0.2,1,-1.7,,0.1,,,7.3,242.71,,7.5,28.2,94.31,"Rain, Partially cloudy"
"Budapest, Magyarország",11/29/2020,5,-1.5,1.3,-2.8,,0,,,9.1,219.33,,4.7,23.1,88.85,Clear
"Budapest, Magyarország",11/30/2020,3.1,-1.7,0.9,-4.5,,0,,,10.1,140.46,,6.5,26.2,87.33,Partially cloudy
"Budapest, Magyarország",12/01/2020,2.4,-2.5,-0.5,-5.2,,0,,,11.2,117.92,,5.4,21.7,90.65,Clear
"Budapest, Magyarország",12/02/2020,0.7,-4.7,-1.9,-5.7,,0,,,12.1,144.13,,8,7.2,87.14,Clear
"Budapest, Magyarország",12/03/2020,2.5,-0.7,1,-4.7,,3.83,,,14.4,89.58,28.8,10.1,14.5,79.01,Rain
"Budapest, Magyarország",12/04/2020,5.8,0.7,3.6,-3.3,,0.21,,,14.8,105.96,39.6,10.1,6.6,85.59,Rain
"Budapest, Magyarország",12/05/2020,11.2,3.7,6.9,0.5,,0.1,,,13.3,95.42,43.2,10.1,2.9,85.41,Rain
"Budapest, Magyarország",12/06/2020,12,5.6,8,3.3,,0,,,19.4,97.83,39.6,10.5,2.3,84.48,Clear
"Budapest, Magyarország",12/07/2020,6.9,4,5.9,1.8,,4.56,,,19,112.75,36,9.8,20.9,87,Rain
"Budapest, Magyarország",12/08/2020,5.3,2.9,4.1,0.2,,1.88,,,17,115.38,36,9.8,27.4,92.13,"Rain, Partially cloudy"
"Budapest, Magyarország",12/09/2020,6.6,2.2,4.5,-1.9,,0.1,,,16.7,78.96,37.1,10.3,21.6,84.66,Rain
"Budapest, Magyarország",12/10/2020,6,2.3,3.5,-0.8,,5.26,,,12.6,126.04,25.2,8.2,28.3,94.97,"Rain, Partially cloudy"
"Budapest, Magyarország",12/11/2020,3.3,1.9,2.7,-1,,0.2,,,9.9,136.21,,8.7,26.4,92.19,"Rain, Partially cloudy"
"Budapest, Magyarország",12/12/2020,3.2,1.9,2.5,-2.4,,0.4,,,17.9,87.33,,5.3,31.4,97.58,"Rain, Partially cloudy"
"Budapest, Magyarország",12/13/2020,4.6,2.4,3.2,0.2,,0,,,11.4,314.25,,8.9,24.3,90.51,Clear
"Budapest, Magyarország",12/14/2020,3,1.8,2.5,0.5,,0,,,7.1,179.88,,8.1,31.4,90.61,Partially cloudy
"Budapest, Magyarország",12/15/2020,3.1,1.2,1.9,-1.6,,0,,,9.8,138.04,,6.7,31.3,96.57,Partially cloudy
"Budapest, Magyarország",12/16/2020,3.6,2.7,3,0.4,,0.91,,,9.4,157.33,,5,31.2,97.42,"Rain, Partially cloudy"
"Budapest, Magyarország",12/17/2020,4,2.3,3.1,1.3,,0.2,,,7.1,214.71,,4.4,31.4,94.58,"Rain, Partially cloudy"
"Budapest, Magyarország",12/18/2020,3.2,2.9,3.1,0.9,,0.1,,,7.7,261.08,,7.7,37.2,91.32,"Rain, Partially cloudy"
"Budapest, Magyarország",12/19/2020,3.1,2.7,2.9,0.6,,0,,,8.3,130.96,,7.5,28.5,92.34,Partially cloudy
"Budapest, Magyarország",12/20/2020,4.2,3,3.6,0.6,,0,,,9.3,114.83,,9.3,28.5,86.94,Partially cloudy
"Budapest, Magyarország",12/21/2020,4.7,3,3.9,0.7,,0.2,,,11.6,110.08,,8.1,31.4,87.34,"Rain, Partially cloudy"
"Budapest, Magyarország",12/22/2020,4.5,3,3.8,0.6,,1.82,,,10.1,138.92,,4.6,28.5,95.48,"Rain, Partially cloudy"
"Budapest, Magyarország",12/23/2020,10.8,4.8,7.4,3.1,,0.79,,,9.2,186.29,,5.6,19.1,93.57,Rain
"Budapest, Magyarország",12/24/2020,8.6,5.1,6.8,4,,1.35,,,10.2,177.25,,8.7,16.6,96.29,Rain
"Budapest, Magyarország",12/25/2020,6.1,4.2,5.2,2.9,,1,,0,11.5,293.96,,9.9,14,88.28,Rain
"Budapest, Magyarország",12/26/2020,5,-1.5,2.1,-4.7,,0,,,18.2,322.75,28.8,10.5,8.1,72.14,Clear
"Budapest, Magyarország",12/27/2020,0.8,-4.6,-1.7,-7.3,,0.1,,,11.9,86.54,,9.4,15.8,87.16,Rain
"Budapest, Magyarország",12/28/2020,9.5,0.9,3.9,-3,,1.25,,,26.9,121.25,43.2,8.7,16.8,88.04,Rain
"Budapest, Magyarország",12/29/2020,11.3,4.8,8.1,3,,7.11,,,24.8,168.17,43.2,10,9.1,74.07,Rain
"Budapest, Magyarország",12/30/2020,7.7,4.8,6.2,3.4,,6.23,,,10.7,108.13,,8,23.8,94.77,Rain
"Budapest, Magyarország",12/31/2020,6.5,-0.2,4.5,-1.9,,1.17,,,8.5,311.88,,5.5,26.3,97.08,"Rain, Partially cloudy"
"Budapest, Magyarország",01/01/2021,5,-2.2,1.9,-4.6,,1.5,,,10.8,141.25,,7.8,17.3,91.86,Rain
"Budapest, Magyarország",01/02/2021,6.1,0.1,3.6,-2.4,,0,,,18,79.21,,9.8,0,84.79,Clear
"Budapest, Magyarország",01/03/2021,7.3,3.9,5.1,0.3,,0.1,,,15.3,89.08,25.2,9.7,25.7,81.92,"Rain, Partially cloudy"
"Budapest, Magyarország",01/04/2021,7.1,4.2,5.8,1.9,,0.2,,,10.6,131.25,,7.7,39.9,92.75,"Rain, Partially cloudy"
"Budapest, Magyarország",01/05/2021,6.2,3.8,4.8,0.4,,0.1,,,20.3,260.71,39.6,8.9,40,87.13,"Rain, Partially cloudy"
"Budapest, Magyarország",01/06/2021,5.1,2.8,3.6,-0.7,,2.8,,,15.6,117.17,32.4,7.6,42.4,93.64,"Rain, Partially cloudy"
"Budapest, Magyarország",01/07/2021,4.2,-2.8,1.6,-5,,0.76,,,15.8,232.79,25.2,8.6,23.4,85.12,Rain
"Budapest, Magyarország",01/08/2021,2.9,-3,0.2,-2.5,,0.72,,,9.9,235.17,,7.5,7,89.79,Rain
"Budapest, Magyarország",01/09/2021,0.6,-5.4,-2.1,-7.9,,0,,,8,184.79,,2.2,14.7,96.64,Clear
"Budapest, Magyarország",01/10/2021,-1,-4.7,-1.9,-7.6,,0,,,9.2,101.5,,5.7,34.3,93.24,Partially cloudy
"Budapest, Magyarország",01/11/2021,2.8,-5.4,-1.6,-7.1,,0,,,11.4,296.13,,9.4,6.3,78.93,Clear
"Budapest, Magyarország",01/12/2021,-1,-7,-4.1,-9.7,,0,,,10.3,254.71,,3.8,25,93.16,Clear
"Budapest, Magyarország",01/13/2021,3.9,-1.1,1.1,-4.2,,0.4,,,28.3,273.17,44.2,8.6,21.9,76.32,Rain
"Budapest, Magyarország",01/14/2021,1.9,-1.1,0.3,-5.4,,2.87,,,29.7,282.96,43.2,9,21,77.88,Rain
"Budapest, Magyarország",01/15/2021,1.1,-6.3,-1.5,-9.3,,0,,,23.7,243.5,32.4,9.2,16.9,76.89,Clear
"Budapest, Magyarország",01/16/2021,-0.3,-7.2,-3.3,-10.7,,0,,,20,294.33,32.4,9.4,7.1,73.14,Clear
"Budapest, Magyarország",01/17/2021,-1.3,-6.9,-3.6,-9.1,,0.2,,,16.6,192.83,28.8,8.6,36.4,79.48,"Rain, Partially cloudy"
"Budapest, Magyarország",01/18/2021,-1.8,-10.9,-5.7,-14,,0,,,23.2,249,25.2,8.6,16.5,77.79,Clear
"Budapest, Magyarország",01/19/2021,3,-3.7,-0.2,-4.3,,0.51,,,10.3,194.96,,7.7,30.3,84.02,"Rain, Partially cloudy"
"Budapest, Magyarország",01/20/2021,10.1,0.3,4.9,-1.5,,0.1,,,20.9,190.29,36,9.9,18.3,72.01,Rain
"Budapest, Magyarország",01/21/2021,13.2,5.7,8.3,2.1,,0,,,24.2,184.92,43.2,10,13.8,63.9,Clear
"Budapest, Magyarország",01/22/2021,11.6,6.5,8.7,3.8,,0,,,26.9,163.38,36,10,7.7,69.77,Clear
"Budapest, Magyarország",01/23/2021,11.7,4.7,8.3,5.2,,4.92,,,17.8,138.25,,10,19.3,77.84,Rain
"Budapest, Magyarország",01/24/2021,7.8,3.5,4.7,-0.1,,3.93,,,18.1,248,25.2,9.6,17.2,80.37,Rain
"Budapest, Magyarország",01/25/2021,5.1,0.1,2.5,-4.9,,1.2,,,25.1,297.33,46.8,9.4,17.2,73.64,Rain
"Budapest, Magyarország",01/26/2021,3.8,-1.6,0.8,-5.7,,0,,,24.5,305.42,36,10,19.1,70.96,Clear
"Budapest, Magyarország",01/27/2021,3.5,-2.3,0.4,-5.4,,0.1,,,23.5,310.13,32.4,10,17.1,74.04,Rain
"Budapest, Magyarország",01/28/2021,3.2,-7.8,-1.4,-10.7,,0,,,14.1,176.46,28.8,9.2,23.7,80.7,Clear
"Budapest, Magyarország",01/29/2021,5,0.1,2.6,-2.1,,6.95,,,9.7,208.25,,4.7,43.8,97.63,"Rain, Partially cloudy"
"Budapest, Magyarország",01/30/2021,10.3,2.4,6.3,0.2,,1,,,27.1,260.29,43.2,10,13.1,77.58,Rain
"Budapest, Magyarország",01/31/2021,2.8,-3,0.3,-5.3,,0.54,,,18.7,84.04,28.8,9.1,16,74.7,Rain
"Budapest, Magyarország",02/01/2021,4.8,-5.7,-1,-8.3,,0,,,11.4,242.46,,10,11.9,66.63,Clear
"Budapest, Magyarország",02/02/2021,0.2,-0.3,-0.1,-3.6,,0.1,,,11.1,157.92,,3.8,49.4,93.2,"Rain, Partially cloudy"
"Budapest, Magyarország",02/03/2021,9,-0.2,3.1,-3.6,,0.69,,,11.8,133.13,,3.5,30.2,96.17,"Rain, Partially cloudy"
"Budapest, Magyarország",02/04/2021,13.3,2.1,8.9,2.2,,1.57,,,37.9,249.08,64.8,10.1,11.2,71.9,Rain
"Budapest, Magyarország",02/05/2021,8.1,2.2,5.5,3.1,,0.3,,,13.7,84.46,,9.5,36.7,82.31,"Rain, Partially cloudy"
"Budapest, Magyarország",02/06/2021,5.1,2.3,4,-1.5,,0,,,14.6,82.25,25.2,5.9,45.6,94.57,Partially cloudy
"Budapest, Magyarország",02/07/2021,3.6,0.1,1.6,-4.8,,0.93,,,18.2,76.63,25.2,7.1,50,93.03,"Rain, Partially cloudy"
"Budapest, Magyarország",02/08/2021,5.9,0.4,3.6,-5.3,,7.13,,,26.1,217.83,,7.7,48.9,91.36,"Rain, Partially cloudy"
"Budapest, Magyarország",02/09/2021,1.7,-2.6,0.3,-3.9,,25.05,,,12.7,167.54,,6.7,36.1,96.35,"Rain, Partially cloudy"
"Budapest, Magyarország",02/10/2021,3,-1.6,0.8,-2.8,,0.11,,,20.5,177.05,,4.8,64.7,96.41,"Rain, Partially cloudy"
"Budapest, Magyarország",02/11/2021,1.8,-7,-3.8,-15.6,,3.75,,,50,311.86,57.6,7.6,69.6,75.19,"Rain, Partially cloudy"
"Budapest, Magyarország",02/12/2021,-4,-10,-7.1,-18,,0,,,27.7,313.53,,10,37.5,61.82,Partially cloudy
"Budapest, Magyarország",02/13/2021,-1.3,-14,-7.3,-18.1,,0.4,,,13.1,302.62,,10,0,70.23,Rain
"Budapest, Magyarország",02/14/2021,1.8,-7.9,-2.7,-12.9,,0.3,,,19.7,301.13,25.2,9.9,0.5,65.71,Rain
"Budapest, Magyarország",02/15/2021,3.5,-6.1,-2.3,-10.7,,0,,,16.6,280,25.2,9.9,0.5,55.65,Clear
"Budapest, Magyarország",02/16/2021,1,-6.2,-1.8,-7.2,,0.1,,,9.5,123.04,,9.4,26.2,69.38,"Rain, Partially cloudy"
"Budapest, Magyarország",02/17/2021,5.1,-0.1,2.1,-2.4,,0.34,,,18.6,208.13,28.8,9.8,32.3,69.09,"Rain, Partially cloudy"
"Budapest, Magyarország",02/18/2021,11.6,-0.4,5.8,-2.2,,0.4,,,20.4,233.88,32.4,8.1,7.4,71.58,Rain
"Budapest, Magyarország",02/19/2021,6,0.8,3,-2,,0.3,,,14.8,107.35,,3.8,56.1,88.72,"Rain, Partially cloudy"
"Budapest, Magyarország",02/20/2021,3,0,1.6,-3.2,,0,,,13,116.09,,2.7,83.2,95.7,Overcast
"Budapest, Magyarország",02/21/2021,9.4,1,4.1,-2.4,,0,,,18.4,106.92,,6.9,50.1,86.36,Partially cloudy
"Budapest, Magyarország",02/22/2021,12.2,1,5.7,-2.4,,0,,,18,78.17,,7.6,0,82.7,Clear
"Budapest, Magyarország",02/23/2021,13.2,0.5,6,-1.1,,0,,,10.6,293.63,,6.3,0.5,83.44,Clear
"Budapest, Magyarország",02/24/2021,17.2,-0.4,7.1,1,,0,,,8.1,151.63,,5.8,1.6,79.33,Clear
"Budapest, Magyarország",02/25/2021,18.4,0.8,8.9,6.8,,0,,,12.8,102.5,,6,3.6,75.16,Clear
"Budapest, Magyarország",02/26/2021,18.8,2,9.8,0.2,,0,,,9.2,186.79,,7.3,0,73.3,Clear
"Budapest, Magyarország",02/27/2021,12.1,4.7,8.6,1.8,,0,,,23.7,317.17,36,10,6.3,60.62,Clear
"Budapest, Magyarország",02/28/2021,10.5,-0.2,5,-1.1,,0,,,15.2,291.21,25.2,10,1.5,65.35,Clear
"Budapest, Magyarország",03/01/2021,12.1,-1.1,5,-3.4,,0,,,12.2,184.46,,10,1.1,67.42,Clear
"Budapest, Magyarország",03/02/2021,14.1,-2.5,4.9,-2.5,,0,,,14.1,241.79,25.2,9.6,0,70.79,Clear
"Budapest, Magyarország",03/03/2021,16,-2.5,6.4,,,0,,,11.7,178.79,,8.8,0,61.39,Clear
"Budapest, Magyarország",03/04/2021,13.8,1.2,6.9,8.1,,0,,,14.5,215.25,25.2,9.7,0,63.63,Clear
"Budapest, Magyarország",03/05/2021,10.7,2.7,6.6,-1.2,,0.1,,,28.9,235.25,46.8,9.6,18.2,64.79,Rain
"Budapest, Magyarország",03/06/2021,6.9,-2.9,2.3,-3.8,,0,,,15.6,304.71,,10,7.3,47.75,Clear
"Budapest, Magyarország",03/07/2021,8.2,-6.8,0.9,-7.1,,0,,,18,190.13,28.8,10,0,55.53,Clear
"Budapest, Magyarország",03/08/2021,8.9,-6.1,1.9,-3.8,,0,,,22.5,229.79,36,9.9,1,60.05,Clear
"Budapest, Magyarország",03/09/2021,6,-3.6,1.4,-1.6,,0,,,15.7,113.25,,10,4.9,54.03,Clear
"Budapest, Magyarország",03/10/2021,7.8,-2,2.1,-5,,0,,,12.8,206.17,,10,1,48.33,Clear
"Budapest, Magyarország",03/11/2021,8.8,-6.7,2.7,-5.2,,0,,,24,145.54,39.6,10,0,50.12,Clear
"Budapest, Magyarország",03/12/2021,13.9,4,8.8,1.3,,0.84,,,31.4,238.33,43.2,10,15,56.27,Rain
"Budapest, Magyarország",03/13/2021,14.4,1.1,8.7,-0.8,,0,,,22.1,196.46,36,9.4,2.1,68.18,Clear
"Budapest, Magyarország",03/14/2021,10,7,8.1,4.2,,1.09,,,17.9,264.21,28.8,10,20.5,69.71,Rain
"Budapest, Magyarország",03/15/2021,11.6,3.8,7.3,1,,2,,,25.6,327.92,40.7,10,11.7,53.83,Rain
"Budapest, Magyarország",10/13/2021,12,4.1,8,3.9,,1.19,,,22.7,255.46,36,9.8,25.1,78.31,"Rain, Partially cloudy"
"Budapest, Magyarország",10/14/2021,12.1,3,7.5,4,,0.3,,,8.8,261.79,,9.9,23.9,75.56,Rain
"Budapest, Magyarország",10/15/2021,13.9,-1.1,5.2,0.2,,0,,,5.8,167.83,,7,7.2,78.68,Clear
"Budapest, Magyarország",10/16/2021,15.9,1.3,8.1,1,,0,,,8.1,165.74,,10,11.2,76.24,Clear
"Budapest, Magyarország",10/17/2021,14.7,2.4,7.9,4.8,,0,,,11.2,203.04,,10,7.8,74.41,Clear
"Budapest, Magyarország",10/18/2021,13.9,2,7.6,,,0,,,12.5,236.25,25.2,9.8,4.6,77.45,Clear
"Budapest, Magyarország",10/19/2021,16.2,1.9,8.2,7,,0,,,12.6,125.96,25.2,9.3,1.1,76.5,Clear
"Budapest, Magyarország",10/20/2021,19,4,11.1,5.5,,0,,,16.4,132.46,28.8,9.9,0,71.15,Clear
"Budapest, Magyarország",10/21/2021,18.9,11.3,14.8,,,0,,,36.3,207.79,72.4,10,6.5,62.61,Clear
"Budapest, Magyarország",10/22/2021,16.4,8.9,12.5,8.2,,0.62,,,27,244.96,32.4,10,6.9,75.47,Rain
"Budapest, Magyarország",10/23/2021,12.7,4.9,9.3,2.9,,0,,,27.3,307.63,46.8,10,2.1,56.19,Clear
"Budapest, Magyarország",10/24/2021,12.9,-1.9,5.4,1.1,,0,,,10.9,164.25,,10,0.5,67.24,Clear
"Budapest, Magyarország",10/25/2021,13.9,-0.1,6,-0.3,,0,,,12.6,93.42,,10,0,67.35,Clear
"Budapest, Magyarország",10/26/2021,13.7,0.9,6.7,1.5,,0,,,10,132.58,,9.9,1.7,67.35,Clear
"Budapest, Magyarország",10/27/2021,14.8,-0.5,6,,,0,,,5.4,130.25,,9.6,0,74.92,Clear
"Budapest, Magyarország",10/28/2021,15,0,6.4,-1.7,,0,,,6.6,69.5,,8.5,0,73.64,Clear
"Budapest, Magyarország",10/29/2021,16.2,0.4,7.7,0.1,,0,,,13.4,93.83,,9.1,0,68.31,Clear
"Budapest, Magyarország",10/30/2021,17.8,5.2,10.3,3.5,,0,,,21.2,120.67,32.4,10,0,65.12,Clear
"Budapest, Magyarország",10/31/2021,15.9,4.3,8.8,3.1,,0,,,18.1,116.96,,10,0,73.44,Clear
"Budapest, Magyarország",11/01/2021,14,2.9,8.9,0.6,,0,,,15.5,107.71,25.2,10,13.7,73.58,Clear
"Budapest, Magyarország",11/02/2021,10.8,5.4,8,3.1,,4.12,,,15.1,167.38,25.2,8,22.7,82.55,Rain
"Budapest, Magyarország",11/03/2021,12.3,2.1,7.7,1.4,,0.1,,,16.7,121.21,28.8,7,14.3,88.16,Rain
"Budapest, Magyarország",11/04/2021,15.9,7.9,12,6.6,,21.54,,,17.9,154.33,,9.1,17.4,89.15,Rain
"Budapest, Magyarország",11/05/2021,11.8,3.7,7.8,2.6,,0,,,17.9,304.83,,10,0,72.54,Clear
"Budapest, Magyarország",11/06/2021,12.8,0.5,7.2,-1.5,,0,,,9.6,217.74,,10,0,72.17,Clear
"Budapest, Magyarország",11/07/2021,10.8,7.1,8.2,6.5,,0.54,,,7,156.79,,9.3,20,84.63,Rain
"Budapest, Magyarország",11/08/2021,10.5,1.4,7.5,3.8,,1.37,,,15.2,288.25,,9.5,4.9,76.25,Rain
"Budapest, Magyarország",11/09/2021,12.9,0.2,5.3,-1.1,,0,,,10.5,204.46,,10.4,3.6,79.64,Clear
"Budapest, Magyarország",11/10/2021,9,-0.5,3.9,-2.2,,0,,,14.7,97.63,,4.8,16.8,92.5,Clear
"Budapest, Magyarország",11/11/2021,9.2,-0.2,4.1,-1.8,,0,,,15.4,133.58,,6.4,13.6,88.2,Clear
"Budapest, Magyarország",11/12/2021,11.8,0,4.3,-1.7,,0,,,5.8,157.5,,6.5,4.8,84.52,Clear
"Budapest, Magyarország",11/13/2021,4.1,0.3,2.9,-1.3,,0.1,,,9.8,109,,1.7,39.5,98.86,"Rain, Partially cloudy"
"Budapest, Magyarország",11/14/2021,8.9,4.1,5.8,2.3,,0.5,,,7.1,147.63,,4.3,21.6,90.99,Rain
"Budapest, Magyarország",11/15/2021,11.7,5.3,8.2,8.5,,0,,,9.7,139.38,,7,20.6,83.63,Clear
"Budapest, Magyarország",11/16/2021,10,1.4,5.5,1.3,,0,,,9.4,79.54,,5.5,22,87.77,Clear
"Budapest, Magyarország",11/17/2021,9.4,1.9,6.1,0.5,,0,,,9,126.33,,6.8,37.6,84.19,Partially cloudy
"Budapest, Magyarország",11/18/2021,10.2,1,7.1,3.4,,0,,,20.4,300.48,36,9.7,25,73.06,Clear
"Budapest, Magyarország",11/19/2021,11,2,8.1,0.4,,0,,,38.9,265.5,,10,78.7,76.49,Overcast
"Budapest, Magyarország",11/20/2021,14,1,9,-0.7,,0,,,35.3,279.5,,9.7,61,75.64,Partially cloudy
"Budapest, Magyarország",11/21/2021,9,-2,2.8,-1.8,,0,,,14.8,93.33,,2.1,88.2,97.46,Overcast